id	file_size	file_size_mb	subscriptions	time_created	title
1848312299	217571427	207.5	450321	1567070699	Thermal
1710261104	133934779	127.7	268770	1555072720	Human Of The Caribbean
1761817128	182122078	173.7	250387	1559764946	Journey to Valhalla, Part 2 (Svartalfheim)
1708838285	150655304	143.7	236613	1554916063	The Leap Of Faith [PART 2]
1726155324	157903301	150.6	194017	1556463130	金鹏家的游乐场
1739624802	217013496	207.0	170979	1557677570	巨人厨房
2450811972	181597106	173.2	158572	1617914891	Wizards
1732033278	266221640	253.9	155216	1556988161	皮皮跑酷系列(PiPiParkour) 6 太空 The Space
1999196901	169771951	161.9	124218	1581855607	重度烧脑双人解谜
2838838767	275301000	262.5	114188	1658510995	HAPPY WATER PARK
2148357718	131820682	125.7	103625	1593529293	Hike
1706235342	110910600	105.8	100909	1554651927	Sky Floors
2052727683	251469454	239.8	96839	1586330666	卡通城镇游乐场
2672884325	220055005	209.9	96719	1638625419	MerryChristmas
1974995627	192849561	183.9	85853	1579606751	《勇闯鬼门关》一内有迷宫，不喜勿入
1956615024	244198776	232.9	85324	1577946385	莫家村
1706261077	290502337	277.0	84529	1554653317	Redd's Island(s): EDEN'S GATE UPDATE
2974682892	113438434	108.2	80040	1683862699	HAPPY LAND SPRING
2281628786	167534214	159.8	64904	1604879726	表妹的密室逃脱—兔子笼
2812871449	111869697	106.7	62125	1653564391	Big Room
1726943385	120902292	115.3	58011	1556535108	神偷跑酷1(running thief 1)
1805096234	110338786	105.2	57186	1563216582	Escape - Red Adventure
3021908639	206307444	196.8	57116	1692339725	Yuuki's Tower
3138797677	153982764	146.8	55581	1705184540	NINJA Trial
1712029363	248974237	237.4	54856	1555207523	Islands
3287837680	139154637	132.7	54030	1720818098	CAKE PARTY
1808083506	112584086	107.4	51676	1563478418	Soapbox Races
2550520708	108762807	103.7	50715	1626605981	HumanSchool
2920487934	190479845	181.7	46403	1674155771	Temple
2893012724	122954990	117.3	45901	1669361929	TOP KART
1764050010	207359737	197.8	44176	1559989107	美食岛:肥宅篇(FoodIsland:Otaku)
1742823560	212270932	202.4	44042	1558018657	神TM捉迷藏
1743790437	125936454	120.1	43885	1558104563	萌新训练营（你想变强么？）
2824712658	167334732	159.6	42187	1655971075	Hidden Wonders
2316572135	274440329	261.7	41640	1607704049	可爱多的纯净の地
1702728523	310876076	296.5	40450	1554446964	一颗赛艇(exciting boating game)
2235593725	204783046	195.3	38343	1600733814	表妹的密室逃脱—罪与罚
2738323309	110511807	105.4	36618	1643654575	FALL INTO LAVA
2249455903	165296417	157.6	35928	1601944294	可爱多的神秘岛
3267840746	174024181	166.0	35152	1718398484	SHOOTING CHALLENGE
2962105663	218639078	208.5	34640	1681470744	不想学习
1847006801	142068895	135.5	34066	1566928154	Island Resort
1863627279	106696116	101.8	33744	1568523644	柔柔萌新系列4
1989182990	132398141	126.3	33602	1580906725	柔柔萌新系列7
1898390742	116138777	110.8	33446	1572026768	UFO_lv2
1760724705	119436245	113.9	32890	1559655414	太空冒险（Space adventures）
2567277218	291017004	277.5	32371	1628234370	可爱多的彩色一周年
1776625797	108489681	103.5	31990	1561124555	Hide and Seek map: Space Planet
2875051951	171220353	163.3	31225	1665751836	William Castle
2787060674	148543681	141.7	30436	1648676002	Stone Age
1853362887	106488925	101.6	29377	1567541399	柔柔萌新系列2
1784978567	153319520	146.2	27989	1561803403	密室逃脱2（ESCAPE）
2282090204	289311489	275.9	27808	1604934347	可爱多的布可不爱-“烟火”
2519300975	132760194	126.6	27448	1623942232	Cosmos
1757907448	149033065	142.1	27259	1559395923	Hide and Seek Map: Castle
2047981627	207818016	198.2	27186	1586019429	犇犇的萌新图4
2368798395	118145072	112.7	27011	1611213814	Room escape：Pyramid
1754185297	294536119	280.9	26784	1559043160	The Three XI
1845208351	144510394	137.8	26696	1566752691	Military Base
2815506660	269258611	256.8	26264	1654084040	可爱多&布点的小小幼稚鬼
1963164190	175245314	167.1	26211	1578472000	可可爱爱八个人~
3334264058	239197953	228.1	26072	1726827212	占星师之梦(Dream of Fortune Teller)
2007652382	118658713	113.2	26055	1582705120	柔柔萌新系列9
2788772814	132674754	126.5	26055	1648980348	将军府
2794082607	229091511	218.5	25814	1649919466	BOB Ball
2449889749	160293906	152.9	25796	1617831769	可爱多的伴可爱同行
2267570579	210523963	200.8	24986	1603636709	minecraft map
1740285300	112333707	107.1	24696	1557746310	The Golden Temple
2299952453	181484195	173.1	24593	1606476852	可爱多的奇思妙想.
2925812342	107399985	102.4	24272	1675061567	자동차 경주 car racing
3220125313	270445312	257.9	24188	1712929734	CRAZY SLAM DUNK
2284775156	127208843	121.3	23686	1605192623	Minecraft: House and Village
2920738466	255064448	243.2	23102	1674205241	happy new year
2526851237	248033625	236.5	22895	1624617043	可爱多的缩小人生
1770507049	254693221	242.9	22822	1560586002	吸血鬼城堡(Vampire castle)小残618系列1
3306915572	262336067	250.2	22720	1723365611	HUMAN SPORTS
2142936538	223119353	212.8	22207	1593191326	Park
2121213194	127162676	121.3	22203	1591440947	食全食美
1792454012	263667275	251.5	21927	1562314936	云顶之巅(The peak of cloud)小残618系列2
2485418789	153098690	146.0	21630	1620863072	Paraglider Puzzle Islands
1998134270	140612514	134.1	21289	1581772783	王者荣耀主题萌新训练图
2366322205	215736872	205.7	20972	1610994508	Jigsaw2(团队密室逃脱)
1771525328	188590842	179.9	20887	1560659309	Dungeons(地牢)
1826582698	288228036	274.9	20326	1565072283	盗墓笔记 The Lost Tomb （瓶子系列5.0）
3371419024	131595211	125.5	20238	1732467436	Machines
1990087158	126964221	121.1	19988	1580997361	萌新41的萌新关卡（一）
2041397055	166544365	158.8	19897	1585592315	犇犇的萌新图3
1750169287	110816592	105.7	19616	1558695220	劝退系列 二 超长滑冰图
1909330819	108341960	103.3	19060	1573311390	木头8-星际之旅
1756236485	119706197	114.2	18174	1559240529	毒液跑酷3（极寒维度）venom Parkour 3
1987331641	237189823	226.2	18135	1580703648	The Haunted Mansion
3042967477	185628491	177.0	17929	1695980572	Human:A Big Adventure 2
2320198766	247946863	236.5	17837	1607919406	表妹的密室逃脱-天城秘辛/May's escape-SkyTown secret
3025552224	194757700	185.7	17818	1692982515	MAGLEV RACER
2007855293	154401203	147.2	17694	1582729707	Neon City
1807944109	132319132	126.2	17455	1563469557	Arena
2059676693	246467194	235.0	17344	1586791645	北方萌新图2
1758678464	153583811	146.5	16823	1559559040	The Three XIII
2931168970	129018250	123.0	16672	1676030302	HUMAN: Automata
2977438473	116735936	111.3	16085	1684430333	slipslipslip
1988574996	125615520	119.8	16081	1580839120	葵宝萌新系列2
2488920276	161681594	154.2	16053	1621165851	决辞的少女心（萌新图）
1707555079	242044908	230.8	16028	1554770399	Adventures of Gromp 0.6?
2004986400	109124558	104.1	16020	1582431817	柔柔萌新系列8
2114759933	288777880	275.4	15957	1590932229	Climb the mountain
1757726524	264824337	252.6	15911	1559390483	祝仙某某直播两周年快乐
1923976014	257354788	245.4	15707	1575064196	柔柔萌新系列6
1904027246	270565693	258.0	15568	1572629951	木头5-茅斯沼泽
2807384857	209801168	200.1	15431	1652418016	Bob ball 2
2041894227	144678195	138.0	15024	1585629209	十月萌新图4SY（新版重置）
1918217912	128907028	122.9	14972	1574433954	木头12-纸片人之美
2850988911	271934793	259.3	14608	1660887861	castle in the sky
1710494090	162115970	154.6	14175	1555093987	Labyrinth(迷宫)
2231477971	307229163	293.0	14116	1600365602	【大佬协会】糖豆人地图淘汰闯关比赛
1710570010	142010067	135.4	14102	1555095300	（Dead Space）禁区
1766204922	116878574	111.5	14012	1560166786	The Three XV
2037446976	278007511	265.1	13911	1585331822	犇犇的萌新图2
1751825220	178096884	169.8	13858	1558822358	浪味仙的攻城略地(4VS4团战)
1963151540	113299182	108.1	13841	1578471497	柔柔滑冰系列
2892611370	120135817	114.6	13787	1669278941	HFF Tower Defense
1875715166	127106532	121.2	13500	1569745056	超级萌新图-搬咸鱼
1926557358	270293182	257.8	13434	1575289274	木头11-黑色之森
2058350602	154224055	147.1	13346	1586704146	失恋博物馆
2937444444	263277583	251.1	12921	1677112317	Hyper realistic house V2
2920232014	122658331	117.0	12920	1674105447	olympic sports 스포츠한국
2178327093	185441350	176.9	12709	1595762843	森森的萌新图(2)
2863200260	299410337	285.5	12707	1663238421	Autumn whispers
3315435158	133219395	127.0	12707	1724433575	ROOM
2178306655	122332015	116.7	12514	1595761087	九离的萌新图（2）
2033125445	133709792	127.5	12506	1585005184	犇犇的萌新图1
2069099031	156467160	149.2	12418	1587468990	柔柔萌新系列11
1766911689	104998349	100.1	12077	1560230584	散人一败涂地1.0
1754229624	114952705	109.6	12076	1559045687	新手图偏简单
3431563152	146645859	139.9	12000	1740153353	gm_construct
2753209213	114946130	109.6	11879	1644814768	表妹的密室逃脱-天宫 / May's Escape-SpaceStation
2536553014	113989654	108.7	11826	1625378512	Yuuki's Learn Techniques 2 [HARD]
2165783176	138924590	132.5	11803	1594728447	九离的萌新图
1750247773	137886781	131.5	11705	1558704024	The Three XVI
2014356252	272106416	259.5	11700	1583415891	阿狗的胡思乱想v3.7
1717464272	136244496	129.9	11651	1555710915	Wipeout Course
1930955219	257000680	245.1	11546	1575737050	木头13-梦幻之旅
2024750194	193802794	184.8	11539	1584396633	花裙子的滑冰乐园（滑冰图）
2553904746	267879443	255.5	11391	1626930222	最好的我们-琳嫣儿
1854719494	281606011	268.6	11385	1567703151	猫妖的第一个关卡（萌新超超超超长跑酷）
1815033068	222967739	212.6	11120	1564079320	Dream cartoon （梦幻卡通）瓶子系列4.0
2013648845	163488073	155.9	11000	1583329832	繁华城市(闯关)
3055485909	147262457	140.4	10986	1697807212	Crazy Racing
2562919360	128851244	122.9	10853	1627804278	小镇捉迷藏
1944229254	208960882	199.3	10808	1577096770	萌新必订阅的一张图【大佬带萌新专属地图】
1712530496	159328058	151.9	10691	1555251280	Egg Challenge
1818068041	127953337	122.0	10559	1564330957	奇幻岛（捉迷藏有彩蛋嗷）
1991045763	185968845	177.4	10443	1581093399	花逝的虚假萌新图
1989071148	150664749	143.7	10318	1580893101	葵宝萌新系列1
2193583637	136182587	129.9	10308	1597090713	小布点-黎明 （Dawn）
3385156009	124542157	118.8	10255	1734289643	Machines New year
2552856988	111818351	106.6	10224	1626821659	萌萌酱的萌新闯关
2080626924	218399921	208.3	10209	1588350925	犇犇的萌新图6
2813829567	147467171	140.6	9990	1653750450	Fnaf 1 BETA
2171581114	236098795	225.2	9988	1595184682	九菜盒子（第四张图）
1996957173	117511206	112.1	9986	1581782830	sports meet 运动会
2997924577	228588696	218.0	9830	1688312608	Colorful World
1905593623	190382750	181.6	9780	1572793508	木头6-琳琅天境
2038585548	197839670	188.7	9673	1585409706	Exciting Snowmountain/刺激雪山
1717235350	143288204	136.7	9604	1555699965	Level labyrinth(层级迷宫）
1833714960	196459791	187.4	9481	1565714958	猫妖的第二个关卡（老版本已经发布）
2474793397	124923795	119.1	9443	1619975389	SnowMountain
1803841741	190636204	181.8	9397	1563119995	Aztec Madness
2072182868	120441472	114.9	9354	1587719099	仙苏苏的合作地图
2422030718	272988443	260.3	9300	1615534998	擂台拼刀
1723388082	153928896	146.8	9289	1556229332	Peril
1761360702	257297940	245.4	9182	1559728530	花里胡哨(我的一个道姑朋友)
2018171372	114489644	109.2	9161	1583776597	兔子萌新图一
2158796706	157170682	149.9	9066	1594228228	平凡至极的可爱2
2118793257	194843101	185.8	8945	1591277334	dome
1995543763	303518089	289.5	8856	1581511526	憨憨杀鸡-多人游戏图！不可单人~
2080258468	163735528	156.2	8824	1588330495	十月萌新图6
2825866438	164647441	157.0	8816	1656180819	焕然一新
1744126730	110849630	105.7	8708	1558125348	谷小满很短小(超长过关地图)轻微自闭
2298719771	270574434	258.0	8645	1606374021	Hide and Seek
2196905119	128134608	122.2	8641	1597389427	森森的萌新图（4）
2171187428	110014058	104.9	8630	1595158471	【浪味仙】神秘海域ver0.6
2930585171	224374074	214.0	8469	1675912277	Snow Mountain V5 The end EP2
2719039328	294109133	280.5	8379	1642178799	鱼巧巧和木头头的星球旅途
2148611522	165781796	158.1	8365	1593542752	小布点-过河3 海陆空（cross a river 3）
1745823503	155095509	147.9	8139	1558250717	Japanese City Adventure (日本城市大冒險) V2
2022072161	118640575	113.1	8105	1584195735	谜鹿：地下城的秘密（The Secret Of The Dungeon）
2885999584	167374289	159.6	8021	1667905544	11.11
2189901457	215507961	205.5	7974	1596788362	森森的萌新图（3）
2053194631	120666724	115.1	7919	1586363724	十月萌新图5
2475013882	262124993	250.0	7903	1619987808	Death Run
1995387950	125521287	119.7	7849	1581492487	散人一败涂地4.0
1791944427	114802679	109.5	7747	1562271631	El Sueño del Jaime
1725678022	138103470	131.7	7737	1556424136	The Three VIII
2377183746	141638065	135.1	7507	1611898622	Treasure Island
1775447331	153705095	146.6	7467	1561022439	散人一败涂地2.0
2384755503	112868270	107.6	7466	1612514603	kaka萌新图
3029013831	172248228	164.3	7417	1693556569	Double Decoder (Toddler Edition)
2289192436	140279795	133.8	7361	1605535533	超级玛丽1.0
1721672659	123387837	117.7	7315	1556054449	Team H
1765238223	114862308	109.5	7308	1560082143	梦游仙境之旅
1788637797	147860685	141.0	7306	1562032402	La Mente del Bestia Negra
2190162495	125898246	120.1	7305	1596811998	可爱的一家人
2188066652	121256187	115.6	7283	1596619450	用jio都能过
2101812651	189484401	180.7	7236	1589882149	犇犇的萌新图7
2075607879	119236910	113.7	7221	1587955782	龙龙第二个烧脑解谜图
2556151559	253781543	242.0	7181	1627148330	kaka创意萌新图 2
1853498374	160328817	152.9	7163	1567556328	Rooftops
2316633784	247625413	236.2	7135	1607707105	farm
2111531433	259849207	247.8	7062	1590669602	6-7人剧本杀--赤血之瞳
2002261646	252186467	240.5	7021	1582169066	萌新考核图
2707334208	185430551	176.8	7009	1641287926	猫柒的心动限定
2022607928	170091247	162.2	6965	1584224106	花裙子的萌新乐园（萌新图）
2212002306	107622713	102.6	6929	1598623525	森森的萌新图（5）
1905723960	197655615	188.5	6888	1572803354	猪精小镇：原形毕露
2456605600	180593271	172.2	6884	1618372079	破案：晚霞
2127812700	297466741	283.7	6827	1591955599	犇犇的萌新图8
2076844250	169087151	161.3	6799	1588063014	食不可挡
2546690028	177537625	169.3	6782	1626251730	捉迷藏【赛博朋克】
2927757569	114030909	108.7	6766	1675435350	What is a good name
3590407697	121507646	115.9	6761	1760955395	雪山（Snowy mountain）
2014197788	247001265	235.6	6739	1583394459	散人一败涂地6.0
1893709641	228479853	217.9	6727	1571518024	猫妖的第十二个关卡（萌新城市跑酷）
2059421899	138436117	132.0	6710	1586777121	无期的可爱萌新图
3063831345	246188956	234.8	6689	1698494651	Liminal spaces
1902287775	182938993	174.5	6642	1572422947	这很简单啊(一)
2163665254	156287270	149.0	6633	1594559778	九菜的专属萌新图
2055370728	253602845	241.9	6603	1586520539	Jio尖上的美食
1812867499	183716106	175.2	6590	1563885377	京奈奈之粉红城堡
2210845740	289514280	276.1	6581	1598525537	失恋博物馆
2697744105	117108846	111.7	6542	1640684984	2021:Good End 新年の雪山
2051931673	158822036	151.5	6540	1586273833	柔柔跑酷系列
2398201079	126759970	120.9	6504	1613516696	FearSpiders
3154534043	161926012	154.4	6443	1707131969	2024happy new year
2181369282	279188311	266.3	6403	1596028200	小布点-九菜的快乐一个半（多玩法）
2278889242	123814049	118.1	6391	1604673386	Polygon SciFi City Demo
2007640650	181490786	173.1	6378	1582704096	散人一败涂地5.0
2652423438	117123797	111.7	6342	1636716447	第13扇门 | The 13 door
1904683131	135901876	129.6	6315	1572704114	李先森的妹妹坐船头
1932543789	156135582	148.9	6308	1575872133	小雨不容易（萌新图）
1904560948	198496669	189.3	6233	1572693185	狗托大冒险2
3239556473	230112746	219.5	6228	1714864374	Granny 3 V2 MAJOR UPDATE
2539232740	195667727	186.6	6220	1625596647	身临其境-冰雪奇缘
1989337829	295800675	282.1	6217	1580919676	CrossFlat - One day in the apocalyptic World
1763289270	274990690	262.3	6149	1559922213	zibi5(末日城市)
2043439257	123593637	117.9	6109	1585744044	最初的我们
2920903894	216998701	206.9	6061	1674235082	糖果超甜
2080365875	124447036	118.7	6051	1588337264	无期的可爱萌新图2
1924371669	238507883	227.5	5972	1575103527	SWORDS! BattleArena - By MrWaffles
2041003820	141995095	135.4	5894	1585569811	萌新滑稽学作图一
1812976156	246786157	235.4	5891	1563894651	散人一败涂地3.0
2005247785	125945975	120.1	5889	1582457773	简单萌新冲冲冲
1898934278	159259516	151.9	5829	1572083353	李先森的加油吧萌新
2721132450	247222330	235.8	5773	1642312033	镇灵孤塔（解谜）
2063951165	136874423	130.5	5770	1587110222	小五儿宝宝的萌新图
2372212355	170956217	163.0	5708	1611479659	枪战模式二
2368168074	149038841	142.1	5605	1611158641	半藏回忆
2463432677	188264518	179.5	5543	1618959152	【滑稽馆】Funny House
3287834980	239483942	228.4	5541	1720818057	The Island V2
2269271857	232978399	222.2	5495	1603798609	罪恶团的小城市
2375343325	124563944	118.8	5482	1611741605	萌新都能过的萌新图
3195179801	164912058	157.3	5431	1711066366	puzzle tower
1858955722	158031295	150.7	5388	1568064035	小萌新
2002540908	115156977	109.8	5366	1582205214	期待与你相遇
2306193850	105841064	100.9	5270	1606904415	Robot City (机器人城市)
2008417230	112665172	107.4	5258	1582798517	萌新练手关卡 part1
1840472786	133378353	127.2	5247	1566315673	柔柔萌新进阶4
2059488679	145183838	138.5	5247	1586781243	帅哥随便过的萌新图
2337249358	256993819	245.1	5212	1609070424	仙剑奇侠传
2100681039	125569039	119.8	5184	1589786530	橙子萌新图3
2162846268	193824046	184.8	5130	1594497630	雨晨萌新关卡(萌新图)
2187241204	134816855	128.6	5108	1596545037	甜酒酒都能过的萌新关卡
3194581416	187946825	179.2	5103	1711031315	BOB BALL3
1875795281	186388437	177.8	5101	1569752114	纯萌新的进阶地图3
2389488187	173400244	165.4	5098	1612869562	军训【1】
1865691345	247696858	236.2	5093	1568733751	行云流水(XingYunLiuShui)
1955055878	126651938	120.8	5092	1577844720	萌新训练图
1905156680	161095682	153.6	5044	1572742239	这很简单啊（二）
1925534159	142785382	136.2	5041	1575194456	人类考驾照（偷电瓶）
2515256924	202811357	193.4	5013	1623542117	端午—任性的一张水图
2062819617	125530289	119.7	5007	1587023818	丸子的wonderland3
2293627817	136551269	130.2	4991	1605933271	平平无奇萌新图
1738061582	114686877	109.4	4982	1557561111	云中漫步
2891537901	299613103	285.7	4954	1669043297	欢乐世界2
2069150545	186787944	178.1	4941	1587473232	安静的滑冰图
2380981441	147519874	140.7	4894	1612178009	决辞3（萌新进阶）
2406445827	286671794	273.4	4874	1614177204	（凤）——萌新世界
1788569371	123745082	118.0	4857	1562028708	Love on the Ferris Wheel (瓶子系列2.0)
2182144966	120667285	115.1	4835	1596097701	VM闯关系列2
1877393028	211848831	202.0	4809	1569896243	纯萌新的进阶地图4
2989100747	247539615	236.1	4806	1686733884	肉肉的乱七八糟
1996098343	133289742	127.1	4801	1581566604	萌萌萌新吖
2841249060	280616003	267.6	4788	1658950958	TheQuarry
1945250725	156295121	149.1	4787	1577182997	极速传说III
3343339819	238706285	227.6	4768	1728123873	人类涂弟 一起发癫 2.0
2448311966	211709617	201.9	4760	1617701588	“抡大锤”—仙门无敌
1879081484	221462164	211.2	4746	1570078695	纯萌新的进阶地图5
1873879009	184928344	176.4	4738	1569594092	爬个糖葫芦 ๑（Climb a sugar-coated gourd）
2096034494	202705210	193.3	4725	1589457601	半仙萌新系(萌新通道)
2021045128	120827280	115.2	4688	1584108615	兔子萌新图二（萌新进阶）
2692132517	175492250	167.4	4658	1640355356	Devil Castle1/魔王城1（萌新闯关）
1880887752	256275222	244.4	4646	1570259169	纯萌新的进阶地图6
1709893846	297186117	283.4	4634	1555023332	Warped Lands
1890809559	129004500	123.0	4605	1571227430	李先森的萌新带带我
2070045774	135293039	129.0	4579	1587543126	清酒的迷途（5/终章）
2340112420	145872127	139.1	4571	1609229318	Running The Clouds
2063077596	207588405	198.0	4556	1587044645	郑郑的萌新滑冰图
2198097473	237573386	226.6	4546	1597490307	决辞2（萌新进阶）
2102275172	116373338	111.0	4523	1589915229	Parcours du Canyon
1918232993	192832539	183.9	4508	1574435723	狗托大冒险3
2533334162	180359933	172.0	4469	1625121707	像一场旅游(简单关卡)
1871944957	125807161	120.0	4464	1569361271	纯萌新的进阶地图2
2165756729	212615696	202.8	4432	1594726451	七色岛屿(Seven colours Islands)
1964102813	157619550	150.3	4419	1578575213	萌新梦幻小镇
1747997962	259905126	247.9	4386	1558456649	星空迷宫
2271679733	290320779	276.9	4362	1604042042	木头20-比克岛群
2914919840	111674273	106.5	4336	1673191951	简单萌新图(easy map)
1906087452	300525017	286.6	4321	1572847604	这很简单啊（三）
2556609615	177806707	169.6	4321	1627188176	Zonnaka's Fight arena ver.2.7.6
2041967399	168159980	160.4	4319	1585638124	可爱不可言
2148271013	120676933	115.1	4317	1593524471	Swamp
2026168040	161292333	153.8	4303	1584528953	期待与你相遇5
2924552060	265368053	253.1	4291	1674868433	《神偷》传说系列第一部
2381026738	307941728	293.7	4284	1612230284	刚开始丶滑冰
2523012338	132799245	126.6	4284	1624269515	身临其境-海底世界
2038305453	138832558	132.4	4276	1585393278	落第的萌新图2
1778135304	130789472	124.7	4273	1561239901	MY HOME5（摩天大厦）
1934042718	253759576	242.0	4253	1576061149	柔柔萌新极限系列4
2498801659	216268352	206.2	4230	1622063937	无题--任性的第七张图（Untitled-the seventh picture of willfulness）
2039518208	107185998	102.2	4228	1585466651	郑郑贼萌新系列1
3338761823	123316722	117.6	4188	1727455049	飞机大战
2902867825	133833457	127.6	4176	1671274973	cloud`s World（tag map)
2566649022	117910456	112.4	4159	1628171564	萌萌酱的奇奇怪怪1
2046079199	144443238	137.8	4157	1585917183	思娴的奇思妙想2
2158583087	280883559	267.9	4156	1594206333	简单的大冒险
1890515178	151480359	144.5	4141	1571178764	猪精成仙 法力无边
2085657131	172767429	164.8	4132	1588680673	废弃工厂萌新跑酷-更新了
2320137059	200712382	191.4	4105	1607914035	May's escape-Crime And Punishment (English version only)
3477044071	220244793	210.0	4075	1746550164	Cinema
1991825520	249120145	237.6	4069	1581163132	闹元宵
3149883045	138561078	132.1	4069	1706542690	深空[谜]途
2133068702	156407679	149.2	4064	1592393152	橙子萌新图5
2125132698	187926710	179.2	4030	1591723653	北方丸子萌新图2
2004068855	217900955	207.8	4024	1582360447	萌新十一的第三个关卡
2081781214	249171136	237.6	3990	1588425233	阿狗的小千层饼.1
1848453654	263414183	251.2	3977	1567085682	兔兔乐园 >0<
2292979529	164788336	157.2	3970	1605886555	败一人送给雅雅的第二张图
1883056678	136227075	129.9	3968	1570422476	李先森的萌新不要哭
2621948429	230332926	219.7	3966	1633624135	猫柒的可可爱爱
2856691508	171616966	163.7	3966	1661937314	柔情似乃，哦不 似水👌👌
2005745270	238462134	227.4	3964	1582490734	超萌新的鱼缸
2110433852	188346842	179.6	3963	1590569546	十月萌新图7
3121018306	260030288	248.0	3962	1703357874	merry christmas
2676297031	165381361	157.7	3952	1638922362	Arcadia
2090167750	108428382	103.4	3927	1589009292	龙龙第三个烧脑图
1916283080	144639832	137.9	3908	1574172710	抢熊猫（Hug the panda）
2056740627	150838640	143.9	3908	1586606215	萌新都能过的大佬乐趣图
2969213943	283898890	270.7	3878	1682840573	KK大冒险2
2141532444	229675979	219.0	3850	1593099209	貧血的萌新圖1
2898540050	289838051	276.4	3841	1670381751	欢乐世界
1960745798	110352975	105.2	3830	1578240039	溜了溜了
1780679335	180391188	172.0	3824	1561472235	梦幻星座（背景音乐不适合戴耳机）
1987575549	170934728	163.0	3817	1580735459	gugu抓迷藏
1799938482	282881665	269.8	3802	1562830211	天之涯
2057887672	172427518	164.4	3795	1586674688	薄荷萌新图2
2123889864	281551534	268.5	3788	1591622380	小涵妹的双人合作关卡11
2269249316	121351837	115.7	3782	1603799774	沙漠秘境
1877605999	117434979	112.0	3774	1569928922	走进猪精小镇
2017992322	243113112	231.9	3770	1583760962	Glass Travel
2076291418	156174843	148.9	3769	1588013747	百妖谱
2391650393	284541914	271.4	3767	1613059181	丛林探险(春节限定)Jungle Adventure
1828504246	132994154	126.8	3766	1565257175	逃出地牢
2208320856	302356361	288.3	3739	1598304837	你的七夕（有大厅版哦~）
2032264660	249903540	238.3	3736	1584951812	清花萌新系列2
2600600578	156404069	149.2	3736	1631482668	kda(合作闯关)
1754269691	180392653	172.0	3721	1559049548	forTommy
1910876597	122939300	117.2	3719	1573481408	小猫咪萌新图二
2148922467	212764480	202.9	3716	1593560648	念念生日快乐！
2843308566	120405445	114.8	3714	1659357739	剧本杀-电梯恶魔（5-6人）
3138244578	128091855	122.2	3710	1705136947	chosen is... Part2 / 選ばれたのは… 後編
2818519856	141238569	134.7	3694	1654701532	暖暖的奇幻星球
1985374358	134878732	128.6	3692	1580556932	萌新十一的第一个关卡
2231204161	125246514	119.4	3664	1600342451	致命喷泉（4~5人剧本杀）
2004969037	114726468	109.4	3662	1582429876	让人面红耳赤的接力（Relay race）
2359142947	162644269	155.1	3662	1610436995	菜娃的萌新图2
2851122633	137094615	130.7	3659	1660918909	乐美溜冰图
2723548406	108347258	103.3	3642	1642500351	调皮的小新 (萌新进阶图)
2087073722	131925299	125.8	3628	1588780993	时代姐妹花3
2574438920	234962595	224.1	3627	1628919252	萌萌酱的萌新闯关3
3562314542	133092650	126.9	3596	1757046832	Casino
2055597931	110822621	105.7	3566	1586533303	神乐萌新图-1
2296050222	236761583	225.8	3566	1606121785	卡通小镇
1849964183	245996452	234.6	3546	1567228934	京奈奈和Jermin小黑
2017092832	168521199	160.7	3533	1583674299	洞旅（中）/Cave trip（The second part）
2838803776	234099711	223.3	3524	1658505914	你相信光吗（正式版）雪碧偷电瓶
2113087872	111327405	106.2	3504	1590797250	喜欢李是一条坦荡仙途（仙某某直播三周年贺图）
2884162450	276628271	263.8	3504	1667557315	海岛之旅
2005395999	116665545	111.3	3494	1582468434	萌新橘生很绿哦
2794767067	216739112	206.7	3493	1650041077	团可爱的萌新小世界2
2314186987	302874511	288.8	3484	1607533325	河山-1
2018573199	185361243	176.8	3472	1583823929	期待与你相遇4
2234342593	117947460	112.5	3472	1600614804	Cyberpunk
1846581420	174924372	166.8	3467	1566882976	萌新跑酷系列2（冲就完事了！）
2418028753	255949324	244.1	3462	1615146964	forest
3451520647	147579580	140.7	3442	1742858641	Mount Misery (An 8 player snowboard map)
2083269319	148533112	141.7	3428	1588513801	我不做萌新好多年
2329796247	235285749	224.4	3428	1608641037	MoRay进阶图
2010108669	112432828	107.2	3393	1582976259	期待与你相遇3
3157427036	182585183	174.1	3384	1707520049	Welcome to Hell
1952425408	144882483	138.2	3380	1577692953	萌新只按W系列（风）
2214646255	121044367	115.4	3380	1598811922	纵享丝滑【2】
2065321702	209734055	200.0	3348	1587205523	芯芯念念的萌新图
2128716790	175061771	167.0	3343	1592023880	再见不负遇见
3049205703	184591475	176.0	3322	1697038808	UP UP
1992925258	131787830	125.7	3309	1581247903	Beautiful girls（美丽的女孩们）
2252219799	282380865	269.3	3306	1602219352	森森的第六张图
1777561137	114579662	109.3	3303	1561203558	东方夜神雪(Touhou Snow Yagami)完结版
2050309057	137885502	131.5	3288	1586159064	妖本妖的第一张萌新图
2595707834	310632141	296.2	3288	1631001409	假期
2033465692	149840823	142.9	3264	1585037295	谜鹿：小岛的秘密（The Secret Of The Island）
1902477645	249783122	238.2	3251	1572446761	超萌新多人合作
1992211206	109137741	104.1	3238	1581187348	橙子萌新系列1
2234205029	122290467	116.6	3231	1600606350	Careful island
1768739680	309349345	295.0	3226	1560421308	花里胡哨*（成仙之路）单机版1
2861973581	232927580	222.1	3219	1662950670	时空刺客
1884153358	138714437	132.3	3212	1570550929	猫妖的第十一个关卡（大佬都自闭）
2246588347	151315972	144.3	3207	1601717212	地下游记（Underground adventure）
2017956171	290831364	277.4	3189	1583757195	搬运工系列（多人合作）
1853161272	131074316	125.0	3149	1567525273	芝麻开门3 驾照篇
2160796015	307898452	293.6	3137	1594357239	小绿2（萌新进阶）
2704593337	147466934	140.6	3127	1641107708	野原新之憨
1779044721	166448237	158.7	3126	1561313471	憨批大冒险一
2244643485	243453909	232.2	3126	1601546296	小绿4（萌新进阶）
3134228219	255407668	243.6	3126	1704654151	小坏蛋的萌新闯关图
2881988556	143999984	137.3	3108	1667132719	肉蛋葱鸡2
1730708199	142341620	135.7	3105	1556888226	zibi1（自闭系列强势来袭）
2801640219	215080338	205.1	3092	1651319311	Multiplayer
2408392117	284254827	271.1	3089	1614354383	丛林探险(难度降低为1)
2048846195	243806406	232.5	3085	1586068205	猫妖（一至十四）合集版——这个关卡萌新都玩过
2070725167	117195351	111.8	3070	1587590866	小涵妹的专属萌新图
1916175532	164869588	157.2	3044	1574155633	超级萌新图二
2613501986	161323727	153.9	3026	1632816858	橙子的卡通世界
2997853360	160115341	152.7	3018	1688304817	草莓熊萌新闯关
2139139341	270984612	258.4	3009	1592897313	秃皮的赛车场
1846462421	273748227	261.1	3008	1566866913	追逐与幽夜星空~
2362364171	123142578	117.4	3006	1610712083	杰尼龟萌新图№9
2052759225	106654914	101.7	3002	1586333899	小圃の萌新进阶图
2443650937	227973729	217.4	2996	1617361015	梓逸送给师妹的第六张图（春郊）
2108211101	112983623	107.7	2993	1590373569	小九的第一张萌新图
2157639531	159439401	152.1	2992	1594192748	阿翎的萌新滑冰图
2053900078	119950818	114.4	2981	1586414381	皮皮萌新一
1780623229	188748314	180.0	2963	1561467097	团子都能过2
2082829032	107082484	102.1	2961	1588482964	空白带你回忆童年
2098105158	137479377	131.1	2946	1589610342	养老狗子窝的日常娱乐2
2153088384	151685624	144.7	2931	1593838485	Naruto Chunnin Arena
2319505973	136125377	129.8	2929	1607878290	房间《 Room 》
1777350152	108468903	103.4	2914	1561183088	我是萌新我怕谁
3402732323	259615341	247.6	2901	1736270721	猪猪闯关图
1766986783	131859761	125.8	2896	1560240396	The Three-OMOS IV
2812021523	200912010	191.6	2890	1653376304	小小萌新
2922376481	150910023	143.9	2889	1674464705	집으로
2014486169	143237539	136.6	2887	1583427997	洞旅（上）/Cave trip（The first part）
2084596910	136884858	130.5	2885	1588603057	柯基的花里胡哨
2181292149	160477516	153.0	2881	1596021393	小徐-拉垮地图1（适合纳豆）
2085914278	287361257	274.0	2879	1588697224	时代姐妹花2
3569223161	170174348	162.3	2877	1758029903	喜迎动物派对
2247466721	166688129	159.0	2860	1601772263	Journey to Yo Mama's House
2112436416	143364736	136.7	2853	1590750692	渣渣土豆的萌新图
2150699656	184487181	175.9	2852	1593686798	大黑的第二张图
2905606984	204699012	195.2	2852	1671808137	KK大冒险
1735460402	150305035	143.3	2850	1557306562	小满棒棒哒
2051517650	137046352	130.7	2847	1586241590	略略略2追忆版
2461135863	207336524	197.7	2842	1618753989	师妹的萌新之旅（梓逸送给师妹的第七张图）
2675224356	257165763	245.3	2842	1638814121	Abandoned world
2573853388	115378250	110.0	2841	1628865851	樱花瓶基地
3591078360	241102253	229.9	2837	1761062351	Human Games
1768658753	120286540	114.7	2830	1560410358	是小恩
2457093486	170746198	162.8	2828	1618420367	阿晴可可爱爱 ！！
1901224368	115774565	110.4	2823	1572292960	莎莎专属萌新图2(星空)
2780435321	304684016	290.6	2821	1647538144	식물생일 축하해!! happy birthday
2107268969	111391077	106.2	2820	1590310316	小绿萌新图
1766205806	116678416	111.3	2787	1560166874	The Three-OMOS I
2032448798	120936014	115.3	2787	1584967155	落第的萌新图1
2025152941	289777271	276.4	2781	1584442083	超有爱的一群人
3390319372	131145842	125.1	2761	1734973869	Steampunk airships 蒸汽朋克飞船
1824784378	130011337	124.0	2760	1564917624	琦仔的新手地图
2368420581	195091536	186.1	2760	1611175741	ball run
2240883448	139097528	132.7	2759	1601206844	糯米团萌新部
2384874954	214125746	204.2	2756	1612526688	snow JOKE
2381226751	253828043	242.1	2754	1612197502	海岛实验(Island experiment)
2826829546	235255663	224.4	2752	1656337367	兔子的萌新图
1832540205	191649888	182.8	2749	1565606944	虚之幻
2140760944	200316401	191.0	2748	1593029892	九而九之（二）
2066808050	269798282	257.3	2725	1587299421	南宫玺的萌新图
2664487645	223788891	213.4	2721	1637923786	不为谁而做的图
2365983251	169627746	161.8	2709	1610968954	笙笙的第二张萌新图
3142619076	243998616	232.7	2691	1705654608	花裙子的滑冰乐园Ⅱ
2004305025	135228085	129.0	2683	1582380637	北北萌新二
2161558421	137892823	131.5	2680	1594411445	Land2
3358024425	169932050	162.1	2678	1730431751	H120NEXTGENTECH_TEST V1.2
2722733403	313533907	299.0	2676	1642431775	羊羊闯关图
2043272069	258475184	246.5	2673	1585732675	桃酥萌新进阶系列（二）
2396270344	157383014	150.1	2661	1613372285	杰尼龟的星空
2394996058	114954303	109.6	2658	1613289664	Yellow green war2（奇奇怪怪的黄绿对决2）
2193205844	109561301	104.5	2657	1597063206	三鹿的萌新图
2161424205	150170698	143.2	2655	1594403978	Random stuff
2777431510	158080754	150.8	2651	1647056378	盛夏
1951920522	162466972	154.9	2648	1577651942	进阶图
2597065170	251709114	240.0	2637	1631156791	《七七生日要快乐》-任性制送
2991943907	222648240	212.3	2636	1687229277	88080狂欢派对(军训图 建议多人 较难)
2847176755	265911364	253.6	2634	1660134605	小熊的第一张萌新图（重制版）
2013683928	128368779	122.4	2632	1583333239	萌新橘生好蓝（难）之糯米不自闭
2042438148	246030648	234.6	2626	1585671976	定海神针（偷电瓶）
2142668525	159586454	152.2	2623	1593177711	不知道该叫什么类型的图
2093767554	120011621	114.5	2622	1589269166	龙龙的闯关图
2511843643	122741954	117.1	2613	1623228472	村长的第三个闯关图❤❤
2132585109	225353497	214.9	2612	1592339623	所念皆星河（萌新图）
2816114814	112205090	107.0	2607	1654212097	Hojaz120Playground ''LOCAL ONLY'' For now
1967066528	138969204	132.5	2603	1578829087	嗯哼？来玩啊！
1950777726	116658507	111.3	2599	1577573130	巨人的梦想 最终版本 v1.1
2132391439	206907495	197.3	2598	1592326169	神秘岛屿
2825625928	248601573	237.1	2592	1656146586	PM.泡菜俱乐部
1811598498	172175805	164.2	2588	1563762409	Waterfall
2825574029	228177248	217.6	2588	1656135610	小五生日图
1856240459	226323631	215.8	2586	1567851032	萌新跑酷系列三（偷鸡有惊喜！）
2144197112	266694157	254.3	2584	1593267950	养老狗子窝的日常娱乐3
2051964992	247031654	235.6	2582	1586275401	携手与你共度难关
2880920419	301372876	287.4	2581	1666953182	肉蛋葱鸡
2174092651	288532872	275.2	2566	1595407087	萌新闯关（入门）+速通+彩蛋
2042877961	128618409	122.7	2563	1585697117	萌新落第的第三个关卡
1962308928	289105193	275.7	2558	1578381488	阿凯萌新系列
2295983872	275610579	262.8	2553	1606112824	乐美快乐图5
2086928432	134151795	127.9	2552	1588772287	谁是卧底-01版
2101010082	290463225	277.0	2551	1589848793	神乐萌新图-4(滑冰)
2395257366	277215762	264.4	2533	1613310951	we play together
2029324427	249092031	237.6	2531	1584766696	一个平常的跑酷（萌新慎入）
3046209455	248308359	236.8	2521	1696520533	男生女生向前冲1至10季
2560674715	109044075	104.0	2510	1627590571	boom!boom!
2180226514	181315090	172.9	2504	1595923565	乱七八糟过关图之雪山游记
3082922702	268612014	256.2	2503	1699959797	逸心只唯依
2825577471	134679409	128.4	2502	1656136259	兔子的第二张图
2906980470	176243520	168.1	2490	1672029576	花絮萌新图
1821470283	122727380	117.0	2464	1564625685	生人-闯关系列（2）
2085697979	118764324	113.3	2464	1588683432	故里和她的小可爱们（2）
1879314413	239053656	228.0	2459	1570109275	你的名字
2025517980	176038652	167.9	2450	1584468835	很高兴认识你-十三姨
2021187391	109454947	104.4	2449	1584119060	莫离的梦境后花园
2587971116	128937115	123.0	2448	1630217671	次时代
2319932198	295291868	281.6	2445	1607898626	祝里圣诞快乐
2026640635	165761963	158.1	2443	1584562239	兔子通关系列一
2133202867	196718376	187.6	2440	1592404719	耗子的萌新进阶（三）
3439506063	177140690	168.9	2437	1741280684	熊喵の萌新进阶闯关图②
1987502346	139515076	133.1	2431	1580727298	闲云不是咸鱼-第二章
1924637014	237779210	226.8	2425	1575124857	一琳娱乐场（冰面+竞赛）玩法自定
2088005153	115170074	109.8	2425	1588853090	"""萌新""闯关跑酷图"
2293123833	244547996	233.2	2407	1605895757	败一人送给雅雅的第一张萌新图
2940985909	231494114	220.8	2404	1677724699	纫宝的第一张图
1835219206	180040617	171.7	2403	1565851696	生人-闯关系列（3）
1770329462	309621276	295.3	2401	1560566489	雪葬追逐
2383786725	144894283	138.2	2386	1612426548	航海世界
2849414941	156008221	148.8	2382	1660572032	墨墨的第十六张图
2091346749	121228447	115.6	2378	1589086205	小涵妹的专属萌新图4
1968835731	220236995	210.0	2377	1579004423	憨批作者系列（莎莎在线尖叫）
2122283791	121707558	116.1	2374	1591500727	树树萌新图4
2925172966	201526419	192.2	2371	1674962904	给枯木的图
2006997750	199770845	190.5	2369	1582630847	生日趴---(水图一张)
2877968847	268386986	256.0	2361	1666364938	剧本杀-兽心（6-7人）
1780611747	118937069	113.4	2352	1561466367	Disco
2146625262	244991903	233.6	2351	1593408822	海港捉迷藏 kiki
2276863726	122118883	116.5	2345	1604469394	又菜又爱玩系列（—）改良版
1878647454	250554126	238.9	2344	1570035892	萌新泡沫的生日地图
1911403178	155743676	148.5	2338	1573553053	Radio Tests
1854576830	211059257	201.3	2337	1567691310	白不隆咚呛
2450213290	220585632	210.4	2337	1617869031	酱酱的冒险之旅（二）
2277867199	115113181	109.8	2335	1604580962	七七的美食派对
2555726084	161451298	154.0	2330	1627113028	随随の意意
2992375066	134147002	127.9	2326	1687312748	Kannonzaki Battery Historic Site
2177019837	153346066	146.2	2322	1596191767	适合萌新的小地图
1952907202	137823173	131.4	2318	1577727825	望天思苒
2571099751	163770095	156.2	2317	1628587291	杰尼龟萌新图№12
2097227665	238036373	227.0	2316	1589551754	武侠生死谜题
1866669062	120992516	115.4	2314	1568839387	MY HOME7（过家家）
2786026204	104882129	100.0	2314	1648480045	蹦蹦跳跳闯关图
2637600433	191756190	182.9	2311	1635251208	猫柒EMO（半合作闯关）
1990664223	142786902	136.2	2310	1581053972	萌新十一的第二个关卡
2231981028	260953041	248.9	2305	1600421137	谁是卧底
2165933486	208193283	198.5	2293	1594739440	Mountain climb
1824803517	237339584	226.3	2289	1564919399	生日聚会BirthdayParty
2660567401	231640814	220.9	2283	1637500455	XmasMountain クリスマスの雪山
2846935814	224615928	214.2	2279	1660074278	Big Time Atzec Plaground
2624481442	123188487	117.5	2276	1633867586	叶子的小世界（闯关图）
2691249450	159848923	152.4	2273	1640286879	万事胜意
2477752747	215209812	205.2	2269	1620221776	阿宁萌新系列2
2697459252	189387825	180.6	2269	1640659616	英雄-任性的第八张图
2011385705	124754876	119.0	2265	1583076071	小幽的萌新图3
2252415740	233005880	222.2	2260	1602243393	残羽的奇奇怪怪(萌新)
2870765151	259133488	247.1	2251	1664785035	墨墨的第十八张地图
2149397061	271772683	259.2	2250	1593599463	耗子的萌新进阶（五）
2101111624	111844820	106.7	2239	1589821512	杰尼龟的萌新图№1
2341687709	157176592	149.9	2238	1609322517	戒不拉几的萌新图
2797391615	127237640	121.3	2238	1650494104	Dave's Adventure Park
2057921504	197903262	188.7	2236	1586677642	憨憨的日常
1787828567	199721739	190.5	2226	1561982940	只带家族专属地图
3444103523	259016350	247.0	2220	1741948469	Jalen的第一张图
2056598051	240237963	229.1	2217	1586596943	独立团 萌新图
2022101926	106029025	101.1	2215	1584195639	小羊的稀里糊涂
1955810079	137262814	130.9	2213	1577898655	苒苒宝宝
2152094234	301741447	287.8	2207	1593780778	耗子的萌新进阶（六）
1781459365	312049786	297.6	2201	1561546194	晴朗的彩虹冒险
1757128791	115336476	110.0	2195	1559326628	绝望无艮2
2596994509	194117777	185.1	2194	1631147452	Orange
2110512910	126500017	120.6	2186	1590577867	婚礼进行曲
2157235343	250742392	239.1	2183	1594109072	迷离异次元：第一章
1995488983	145956360	139.2	2180	1581505594	开始你的表演6
2407339004	174679179	166.6	2179	1614259917	梓逸送给师妹的第三张图
2443074056	220680864	210.5	2179	1617308407	大逃杀（多人游戏）
2978352957	174243003	166.2	2178	1684604143	前置任务-predecessors
2020617758	115110314	109.8	2177	1584054822	萌新萧萧的自闭图
2642101284	136284838	130.0	2175	1635684521	Eleven：不给糖都捣蛋
2137169696	131960342	125.8	2172	1592740694	耗子的萌新进阶图（四）
2254928270	157054378	149.8	2172	1602432750	Unoszące się wyspy
3003310086	118888059	113.4	2162	1689190525	Abandoned SkyScraper (updated)
2034402618	123365460	117.7	2154	1585099095	Cove Alpha
2958901158	265204006	252.9	2154	1680877241	相遇在人海的我们
2834642056	183170031	174.7	2153	1657716526	摆烂家族摆烂墨墨摆烂图
2235992397	127613241	121.7	2148	1600785890	一张安安静静的图
3485766903	157166255	149.9	2142	1747922537	从容不迫
1969447556	234435684	223.6	2139	1579069274	小郑新手图2
2152383535	131986493	125.9	2130	1593796395	Agility - World 1 - V1.14
2882398730	152893979	145.8	2129	1667190927	水图系列1
3290568349	257143694	245.2	2123	1721140419	Pirate
2586221906	106562143	101.6	2119	1630068032	云朵的卡通世界 难度适中（b站搜索云朵的通关视频看独轮车过法）
2005258991	153557707	146.4	2118	1582458625	开始你的表演8
2123603863	143413404	136.8	2116	1591593150	九而九之
2130767640	242687529	231.4	2114	1592173034	活动-溜冰
1755334092	138537527	132.1	2108	1559155018	小舞台
2933304289	265252634	253.0	2101	1676367567	陈怼怼生日图
1955816006	137364104	131.0	2098	1577898910	锤妹测试
2110360733	135427671	129.2	2094	1590560651	杰尼龟的萌新图№3
1913789673	107368175	102.4	2091	1573879445	Deep Dark Maze（暗黑迷宫）
2222979795	121001418	115.4	2091	1599543809	小徐-拉垮地图3
1987670573	148720594	141.8	2089	1580744427	兔仔仔幼儿园
2871209998	239932376	228.8	2088	1664888175	菜菜第三张摆烂图
2193216891	258203912	246.2	2083	1597064256	小可爱们的专属萌新
2261949219	125571171	119.8	2080	1603079113	游乐场
2228574008	116021076	110.6	2076	1600059778	乱石
2344126395	164252392	156.6	2076	1609455802	戒不拉几萌新图②
1900168295	107921801	102.9	2075	1572187017	莎莎北海萌新3
2027099366	218400788	208.3	2071	1584605820	奇迹出现 萌新进阶图1
2216434823	131403358	125.3	2060	1598972398	简单不自闭
3390092473	148784179	141.9	2060	1734950850	奇旅
2016801262	165056765	157.4	2057	1583648441	地图1
2614312252	168994332	161.2	2053	1632911770	Eleven：米妮妙妙屋
2125794189	290030192	276.6	2050	1591783079	短腿的萌新图四
2237525936	151939421	144.9	2049	1601743509	嗯哼入秋的第一张图
2686672158	256979390	245.1	2046	1639887383	心驰的哆啦小世界（闯关图）
3031889865	106780017	101.8	2044	1694030563	The King´s Hall
1982115507	266550307	254.2	2041	1580234829	是惠4
2233059698	257735848	245.8	2037	1600515449	若冷答题闯关系列1
2892747853	133545145	127.4	2037	1669308710	墨墨19
2788070455	113984378	108.7	2036	1648874641	동물원 zoo
2121044277	201862605	192.5	2032	1591428077	靓仔的萌新图
2177290316	123755994	118.0	2031	1595683466	沫小猪的萌新图one
2249830471	271403743	258.8	2031	1601990153	网抑云
2640916191	213519482	203.6	2030	1635592717	默麟和猫柒都能过的萌新图
2201356883	158491170	151.1	2028	1597760512	十七的萌新图
2025117899	140285919	133.8	2027	1584438740	木头10.5-小人双人飞行距离测试与萌新开车图（测试图，无关卡）
2561340494	111094104	105.9	2027	1627661958	啊吧啊吧 【闯关图】
2223001503	188253377	179.5	2023	1599545675	小啦啦是仙女
3223432093	124741001	119.0	2018	1713197252	禁止焦虑萌新图
2068282372	105538146	100.6	2012	1587401545	云兮的图1
2953914506	252432634	240.7	2005	1680013967	纪念墨墨OvO
2326275162	210484849	200.7	1999	1608388809	小羽的假萌新图
2324022811	198364345	189.2	1998	1608221443	海底
2333540145	280700458	267.7	1997	1608888720	你是我唯一的例外
2830912706	290832293	277.4	1986	1657040401	你相信光吗（测试版）
1768860884	117999220	112.5	1983	1560436115	浮岛
2800351816	107408535	102.4	1981	1651058296	摆烂躺平的萌新图
2889712436	269588547	257.1	1980	1668693694	拾叁的第一张萌新图
2306364223	165038202	157.4	1977	1606971657	若冷送给叮当的萌新图
2190947602	212356021	202.5	1976	1596876973	小南萌新图2
2319472787	265556461	253.3	1973	1607875454	相爱一周年
2029850236	190768369	181.9	1968	1584803903	蓝瘦1234小地图
2462941280	280824743	267.8	1959	1618920469	酱酱的冒险之旅（四）
1765155551	176961512	168.8	1958	1560076075	88080
2738245546	225014144	214.6	1954	1643649995	橙子的春节水图
2874959733	152401022	145.3	1947	1665724187	菜菜第四张摆烂图
2097003908	242719544	231.5	1941	1589534380	时代姐妹花5
2102569127	285718935	272.5	1939	1589940454	萌新会跳
1949092059	286138449	272.9	1938	1577465073	阿音的星空巨兽
2922427532	262749004	250.6	1938	1674477489	摸不到的月亮是看不厌的
1986784211	167028388	159.3	1931	1580660407	甜仔。(生日快乐)
1973169443	105093385	100.2	1929	1579433338	开始你的表演2
2608487305	105715537	100.8	1917	1632304725	如此可爱的我们
2098371486	252132580	240.5	1916	1589631824	面面小张的梦幻图
1876894114	168291626	160.5	1911	1569851261	绝地求生
2175240651	303287427	289.2	1911	1595512531	层层下落2/Floor by floor 2
2126093316	178635111	170.4	1909	1591806910	热气球+人力车，可以玩一玩
2250712318	249194462	237.7	1909	1602077140	网抑云-刘大壮
1863664550	129601647	123.6	1904	1568527855	致命简单3
2193983104	253710160	242.0	1901	1597131497	酸奶与好兄弟的萌新闯关图
2167813904	171363576	163.4	1898	1594893316	杰尼龟萌新图№7
2440602842	105647684	100.8	1897	1617100223	默麟的极其简单三
2574359554	163823796	156.2	1897	1628910634	滑稽学作图二
2243146887	135189008	128.9	1892	1601399304	一跪到底
2367829643	210891644	201.1	1892	1611126763	Play billiards-打台球
2210708633	186530372	177.9	1891	1598510561	自助餐厅
1850285264	225316887	214.9	1888	1567259140	七夕特辑，拯救QB吧
1970968413	167790376	160.0	1884	1579246231	新年快乐 是惠3
2575404183	147291258	140.5	1883	1629005306	小虎的萌新进阶图（四）
2559858351	171892483	163.9	1882	1627506470	the dark lands
1920674158	125550045	119.7	1878	1574669046	小沫很萌新2
1983702837	158482427	151.1	1877	1580398481	Blue ice气鼓鼓
2181743157	143831697	137.2	1876	1596055688	小绿3（萌新进阶）.
2490897043	138161763	131.8	1872	1621350582	Spirits
2380066023	129414504	123.4	1862	1612107101	杰尼龟萌新图№2
2088960149	117615225	112.2	1858	1588922073	诸神の竞技场
2287598371	165987753	158.3	1858	1605405297	跑酷图
2002514240	122955361	117.3	1857	1582202674	萌新的天地之憨批之旅2
1873265878	225231867	214.8	1853	1569522577	无忧府邸与798
2130004916	231656190	220.9	1846	1592123523	大橙子的萌新图2
2422512201	294037423	280.4	1841	1615574525	land10
2172225767	214743120	204.8	1839	1595243076	决辞（萌新进阶）
2991561571	187055998	178.4	1839	1687159285	船长的上班摸鱼图
2081851705	109892808	104.8	1835	1588428549	韩韩萌新进阶图
2454905291	256643902	244.8	1826	1618225630	茶茶都能过~
1767768556	137295465	130.9	1824	1560315834	远走他乡
2531147852	198484765	189.3	1823	1624931004	罗熙---坎坷萌新路
2085473123	223524306	213.2	1820	1588665480	冬冬和清酒的谜之旅行
1994774259	247585196	236.1	1818	1581429516	还好遇见
1892154484	130831775	124.8	1815	1571385540	未解之谜(WeiJieZhiMi)
2134003387	174850031	166.7	1813	1592480416	小绿（萌新进阶）
1890273014	153745615	146.6	1811	1571157743	League of Heroes
2421970475	233459980	222.6	1807	1615526907	乱七八糟
2865818491	193884475	184.9	1797	1663765561	菜菜第二张摆烂图
2821788232	135449861	129.2	1796	1655394256	墨墨的第十一张图
2441880297	162000846	154.5	1794	1617211098	小猫咪第一张萌新图
2178484730	171447386	163.5	1792	1595774162	雨时的快乐萌新图二
2029504162	219369930	209.2	1790	1584783322	桃酥萌新进阶系列（一）
2451143295	155189541	148.0	1787	1617946924	酱酱的冒险之旅（三）
2861170011	252541372	240.8	1786	1662821113	菜菜第一张摆烂图
3048648242	248270950	236.8	1786	1696928895	男生女生向前冲整合接力版
1962355172	226830555	216.3	1784	1578388009	憨批作者系列4
2508195906	210487941	200.7	1782	1622901578	Uncomplicated
2315036694	291362109	277.9	1770	1607597397	小馨的萌新进阶关卡
2453992465	131124448	125.1	1769	1618151383	哦呦一周年地图
2408738622	282713857	269.6	1768	1614376714	猫妖的第十九个关卡
2008586282	198655093	189.5	1767	1582817318	污的第①关卡
2179405725	294752606	281.1	1762	1595955587	阿翎的超级萌新图
2053834705	245618369	234.2	1761	1586407248	一琳系列之八零九零后
2175280558	107859992	102.9	1748	1595513816	可可爱爱，么的脑袋
2630218490	199159170	189.9	1747	1634459224	橙子的卡通世界2
1792284448	185834996	177.2	1746	1562297512	凌轩吖
2196939363	277077866	264.2	1744	1597393566	若冷的第一张图
1972052580	109568640	104.5	1741	1579349876	随缘
2116852731	194743837	185.7	1739	1591117130	坏东西大冒险 版本3.1
2167257047	158370882	151.0	1737	1594841524	雨晨萌新关卡(二)
2368839176	257735070	245.8	1734	1611219387	也许丶刚开始
2138476369	162630531	155.1	1732	1592841879	梦里蔡蔡的第一张萌新图
2414378450	244120253	232.8	1727	1614862886	梓逸送给师妹的第四张图
2925993288	308895140	294.6	1723	1675098662	Apokaliptyczne miasto
2159857587	122641490	117.0	1720	1594296746	萌男萌新图2
2085394129	178033705	169.8	1709	1588659401	冰阔乐之冲冲冲
2442567353	136455186	130.1	1709	1617274695	酱酱的冒险之旅（一）
3400910585	218612091	208.5	1709	1736057959	简简单单来跑酷（三）遗迹
2847553256	197502833	188.4	1705	1660219467	虎子萌新图更改版
2172129147	138257452	131.9	1701	1595233044	北北的萌新图3
3034656751	113574687	108.3	1700	1694522706	skibidi2
2396094908	159602939	152.2	1699	1613356197	小寻萌新图6
2060989329	251924656	240.3	1696	1586883851	茶茶爱玩系列1
2050318670	171521963	163.6	1693	1586159743	郑郑萌新进阶图1.0
2000376024	231065351	220.4	1692	1581961280	你的支持
2022932596	123808869	118.1	1692	1584253495	罪恶之萌新闯关
1889376934	196631981	187.5	1689	1571059487	Schach
2594361465	148575192	141.7	1689	1630857248	兔仔仔的随意萌新图
1855229001	123401699	117.7	1687	1567761384	点线面之秋季运动会
1843005395	128172520	122.2	1685	1566567779	幼爷2（完结）
1957719673	191300925	182.4	1677	1578007598	多玩世界图
2266821393	114889542	109.6	1676	1603567633	跑酷图:冰
2443936798	129086045	123.1	1672	1617379205	阿宁萌新系列1
3434350520	114172380	108.9	1672	1740527536	Lava
1816423204	146835895	140.0	1670	1564201920	乱七八糟历险记
2162244611	199046951	189.8	1668	1594462480	杰尼龟萌新图№6
2364544946	260405891	248.3	1666	1610857469	萌新不自闭暖心图
2202484307	227185586	216.7	1664	1597853228	长廊之旅
2715672719	188372864	179.6	1662	1641883830	万事可期
1894558001	140569473	134.1	1659	1571589160	小猫咪萌新进阶
1880991247	164103921	156.5	1658	1570270918	小短腿跑酷—森林的早晨
2007824577	123305285	117.6	1650	1582727068	花里胡哨的小音
2153251509	172668380	164.7	1643	1593851694	小虎的萌新进阶三
2796705142	149884233	142.9	1641	1650361312	XZX_HBD-20
2168093371	187462925	178.8	1639	1594916308	梦里的第一张萌新图
1989382397	191826675	182.9	1635	1580924811	阿凯不萌系列2
1827132712	193990353	185.0	1625	1565119665	非常人性化的图
2117304348	124252632	118.5	1625	1591154363	吉吉的萌新图（1）
2095856209	294616742	281.0	1622	1589439812	解谜8
2205219544	206847921	197.3	1620	1598077530	果冻第一张图
2114840304	303657919	289.6	1618	1590938036	猫妖的第十五个关卡（萌新欢乐冰面跑酷）
2105137051	136385600	130.1	1615	1590158264	葵宝通关系列4
2173250931	200764769	191.5	1613	1595333231	雨晨萌新关卡(三)
2127394602	146081324	139.3	1610	1591911614	清平乐的萌新进阶图1
2010958873	176777089	168.6	1604	1583039184	萌新练手关卡-part3-移动迷宫2
2206510499	151003198	144.0	1604	1598168947	夏日炎炎
2106286303	154484789	147.3	1602	1590242457	小涵妹的专属萌新图7
2484885227	129208061	123.2	1601	1620822776	萌新闯关（跳跳糖and麦芽糖）虎牙搜感性佳诺
2707328230	180094163	171.8	1601	1641287307	阿虾的第一个解谜图
2414476262	117355428	111.9	1600	1614870818	屿涵第二张图
2205225496	129218189	123.2	1590	1598078163	MI家园
2364788352	143268182	136.6	1588	1610879104	kiki不会做萌新图
2285588580	258844589	246.9	1583	1605269302	猫妖的第十七个关卡(城市跑酷重制版)
2134726692	213776241	203.9	1582	1592542235	夕叶的第二张图（萌新）
2206510301	166821651	159.1	1582	1598169895	九离送给森森的生日图
2856903899	115131004	109.8	1573	1661974596	SNOW WORLD
1970396931	105261575	100.4	1570	1579185153	开始你的表演（此图已解决卡摸问题）
3005241198	190225413	181.4	1570	1689510669	小A姐姐生日图
2135159642	227698434	217.2	1568	1592583214	茵茵的萌新圖(一)
2828195729	163944654	156.3	1566	1656579786	闲乘月专属萌新小训练
2088805669	169712831	161.9	1564	1588905877	日常憨憨痴剑的萌新图1
2329611992	210793697	201.0	1563	1608623943	qianqian的圣诞礼物
2397854304	242202800	231.0	1561	1613494847	神忒玛萌新
2177222445	195917771	186.8	1559	1595678431	小源子的地图
2298754682	164889124	157.3	1554	1606378322	小城市v1.0测试
2581709156	128421061	122.5	1554	1629615162	唯一
1839203676	172422461	164.4	1550	1566186725	小伙伴们的专属地图《正式版》
2118989360	106708848	101.8	1548	1591288888	短腿的萌新图三
2501507731	215849868	205.9	1548	1622306309	默麟的比较简单一
2255585165	157060081	149.8	1544	1602492921	十月的新手图
2078160878	104972407	100.1	1543	1588169531	花里胡哨
2220965619	144878372	138.2	1542	1599368551	老六是个萌新
2106005361	125696079	119.9	1540	1590221919	小涵妹的专属进阶萌新图6
1993833410	225874050	215.4	1539	1581326737	你的支持
2024950444	156116628	148.9	1538	1584416536	萌新萧萧的进阶图
2061030381	235511595	224.6	1536	1586887421	超萌新跑酷地图（猫妖的第一个关卡删减版）
2150866289	178103870	169.9	1536	1593698404	木三
2170222099	285261219	272.0	1536	1595085868	旺旺和柠檬的第二张图
2223689166	285702357	272.5	1535	1599611217	啵兜的人类世界3
1853564677	222927397	212.6	1528	1567565477	白嫖3（飞吧！愤怒的杠精）
2080570243	246379666	235.0	1528	1588374174	神乐萌新图-3
2162664902	166605987	158.9	1528	1594488511	瓶的风景闯关 （1）萌新图
2462801050	217215927	207.2	1527	1618903287	萌新丶刚开始
2255932771	139500596	133.0	1525	1602522855	沫小猪给浮生情的过关图
2033327306	124085307	118.3	1522	1585021941	Roof
2186542795	307925358	293.7	1521	1596477557	提子的第三张图
2506922282	180193073	171.8	1521	1622795113	萌新崛起（新图）
2992541859	137688067	131.3	1517	1687354733	有鱼2
2192192661	255651773	243.8	1516	1596977111	暖白莫言的萌新图1
1847450792	202910961	193.5	1511	1566978457	致命简单
3238382043	169959854	162.1	1511	1714746574	敢直视我吗 嘿嘿
1953835032	129110128	123.1	1508	1577777123	A jouney to new world
2019482987	115109493	109.8	1507	1583942464	血菲萌新图
2157803575	187946623	179.2	1499	1594146640	杰尼龟萌新图№5
2010083889	174545500	166.5	1496	1582974446	萌新练手关卡-part2-移动迷宫
2115648280	262373321	250.2	1495	1591007168	果粒橙的第三张萌新图
1910112489	269373917	256.9	1493	1573389956	娜娜萌新系列1
3120756550	170228576	162.3	1490	1703337508	圣诞快乐Merry Christmas
2016947374	114923508	109.6	1488	1583663447	花里胡哨4
2205162467	299629337	285.7	1488	1598071872	顾晨的第一个萌新关卡
3602188350	276581056	263.8	1488	1762637066	流萤浣月溪
2726802137	291958658	278.4	1486	1642782504	清澈的第一张图
2090185109	161245126	153.8	1482	1589010908	狸子的第一张萌新图
2128984158	234886161	224.0	1482	1592049303	迷离异次元：序章
2522861758	238166614	227.1	1481	1624250369	小挚爱的第一张图1
2234277645	162185422	154.7	1478	1600610631	老六有点难
2134425212	126585167	120.7	1476	1592512360	东方的小迷妹（1）
2061162133	199888675	190.6	1471	1586892851	猫九萌新图（1）
2695973628	183413010	174.9	1471	1640566608	Hammer Pathways
3596175423	169933010	162.1	1471	1761824798	万圣节快乐Halloween
2509333686	242813735	231.6	1469	1622999799	旺仔梦境4（进阶）
2524701100	136592682	130.3	1469	1624420370	旺仔梦境5（进阶）
2057065286	287998197	274.7	1468	1586623747	妖妖的不过如此
2182565364	149716280	142.8	1467	1596133497	久睡硬闯天空 （三）
1947595925	220118053	209.9	1466	1577359035	极致
2077420404	202237251	192.9	1465	1588103539	树树萌新图2
3011035503	158885491	151.5	1460	1690527375	批队伍 作者：梦雅
2397796290	141202570	134.7	1455	1613491387	雨沐的第二张萌新图
1864818685	144596306	137.9	1454	1568635556	不离家族专属考核图
2244154206	191390739	182.5	1453	1601493800	硬币第二张萌新图
2003290180	119321380	113.8	1451	1582288809	虎牙贱圣专属图
2355262002	119689665	114.1	1451	1610161292	冬冬不做人系列续集【萌新勿进】
2818060542	134509025	128.3	1449	1654596300	不能完成的命运
1831641029	202997501	193.6	1448	1565529365	繁华落尽、梦兮系列《stars》
2242941989	268768043	256.3	1447	1601384297	萌新家族一周年纪念专属地图
2600972753	147501790	140.7	1446	1631530630	耗子的开开心心（二）
2098122485	130764691	124.7	1445	1589612176	树树萌新图3
2266237285	109612558	104.5	1445	1603525909	执拗
2580817826	198893833	189.7	1443	1629540460	别抢我的旺仔~
2040818507	196133610	187.0	1442	1585553871	思娴的奇思妙想1
2198105158	154506239	147.3	1439	1597490875	仙仔聚集地—恒惜的致歉~
2651658386	204992782	195.5	1439	1636636708	YYQ乐章的第一张萌新图
2092580141	194026829	185.0	1435	1589170908	王某萌新快乐系列1
2154584971	177116123	168.9	1429	1593940404	阿翎的萌新图2
2809296283	185967175	177.4	1429	1652799980	勇者大冒险（Adventure）
2369786736	179036445	170.7	1423	1611303297	小寻的第七张图
2185088594	231420731	220.7	1422	1596353315	火影
2665914094	204805822	195.3	1422	1638029972	胖胖萌新图1
1874814113	142024036	135.4	1420	1569673947	无忧府邸之海岛吃鸡
2724447061	144089281	137.4	1419	1642577749	阿虾的迷宫解谜
2191002918	138019717	131.6	1415	1596882287	心驰的第八个图
2249911125	258116733	246.2	1415	1601996520	第二张图
2078055880	237739113	226.7	1414	1588161826	李云龙的萌新图
2195071669	298393230	284.6	1414	1597232119	小泰妍之可不可爱
2205377426	137200226	130.8	1413	1598091937	若冷的第四张图
2297220870	131369622	125.3	1412	1606235020	人类先疯队
3366891179	239504671	228.4	1409	1731777665	forest 2
2015732778	235558899	224.6	1408	1583560409	猫村小英雄
2144181306	128711726	122.7	1406	1593266835	小虎的萌新进阶二
2538971704	123451926	117.7	1405	1625578704	这是一张有毒的图
1872912418	204151165	194.7	1402	1569485256	这不是我的错
1855553941	136457753	130.1	1401	1567790050	To best sisiter（未完待续）
2125030719	269280381	256.8	1399	1591716996	欢乐多休闲图
2210722761	121375717	115.8	1396	1598511918	无双李白的第一张萌新图
2068223558	120126566	114.6	1391	1587398119	小圃の 滑滑乐
2122389838	125399494	119.6	1387	1591509968	小蕊萌新关卡（一）
2218974504	142050156	135.5	1387	1599216832	朝花夕誓
2147597814	142741295	136.1	1386	1593470321	Entertainment
3132098500	188607696	179.9	1386	1704469128	小小噩梦图
2299961569	161084638	153.6	1385	1606477555	纵享丝滑【6】
2070109517	132425197	126.3	1378	1587549123	极速传说4
2362169004	205464941	195.9	1378	1610690185	御剑诀
2204141447	192908896	184.0	1374	1597993413	牛批兔子的第二张图
2411429353	116643022	111.2	1361	1614578153	I四季
2092572271	237658279	226.6	1360	1589170003	郑郑萌新进阶图2.0
2175086355	283293223	270.2	1360	1595495959	酸菜的第三张图
2035807280	162444594	154.9	1359	1585216587	兔子通关系列四
2793611296	172110528	164.1	1359	1649827692	轻清小岛
2794513390	206855083	197.3	1358	1649993534	李清照的日记
3531351602	262183297	250.0	1351	1753128188	小叮当猜歌名下
2130288969	192442838	183.5	1346	1592144551	翼の萌宠王国勇者试炼第一章-上篇
2578147720	177447931	169.2	1346	1629279283	耗子的开开心心（一）
2020917406	267310227	254.9	1344	1584096789	渣渣囚
1994849543	151346961	144.3	1341	1581435688	萌新的快乐生活2
2056803550	213194228	203.3	1340	1586618899	亦—树的萌新图（一）
2033374652	216861592	206.8	1339	1585027011	奇妙探险场景测试
2268273669	258146013	246.2	1337	1603704350	馨馨宝贝的第一张图
2098687738	170778878	162.9	1335	1589648272	贱某人的第二张图（萌新进阶）
1974231714	192038354	183.1	1333	1579528818	小甜心 （图1）
2073768619	304324348	290.2	1333	1587831468	有奇怪东西的脚滑图
1990951122	128655035	122.7	1332	1581086205	阿凯憨憨系列3
2114861658	111001327	105.9	1331	1590938740	曲奇的冰天雪地
2721689511	229623049	219.0	1331	1642350275	小风的第二张萌新图
2026115212	142519367	135.9	1330	1584523684	HAPPY 家族考核图
1955333690	233203240	222.4	1324	1577869476	是惠的喔
2148620904	105104378	100.2	1324	1593543169	天空硬闯（萌新）
2057807615	183125568	174.6	1320	1586667415	银河萌新图
2072179756	243499578	232.2	1319	1587717414	稀饭的第五张萌新图（感谢师傅）
2569242655	256798006	244.9	1316	1628410993	耗子的萌新进阶（七）
1884203981	229599301	219.0	1314	1570558560	莎莎北海萌新1
2693545197	118862782	113.4	1312	1640441917	肉肉的萌新进阶图
2127573529	151703713	144.7	1308	1591927429	无情快乐通关萌新图
2027073061	130545593	124.5	1302	1584602279	柔柔过不去
2428372959	182460979	174.0	1302	1616083113	MuMuSan第一张萌新图(test 0.6)
2447927142	171586360	163.6	1302	1617658043	远辰落身旁
3012282316	179262427	171.0	1301	1690723988	RIK5 HARD LEVEL
2107309881	173776198	165.7	1298	1590313817	短腿的萌新图一
2221239448	312758177	298.3	1297	1599392670	芸芸的第一张图
3600847093	280301941	267.3	1296	1762455770	zoye的泳池派对
2021937903	117422813	112.0	1293	1584184880	神tm滑冰
1988362296	260369198	248.3	1286	1580820510	你的彩虹
2869090353	153710020	146.6	1286	1664459694	希子的魔仙堡4
2199101131	207751122	198.1	1285	1597564912	涂涂专属萌新图
3101286230	128826009	122.9	1284	1701394080	Fourth Level
2203360831	279757478	266.8	1283	1597931061	ISLAND
1865864104	132005655	125.9	1280	1568747311	致命简单4
2381921772	187110734	178.4	1279	1612260238	顺风跳
2340517020	134300821	128.1	1278	1609254614	Jump Tutorial?
2835127310	234881592	224.0	1278	1657811427	望月
1912109704	112954971	107.7	1274	1573657426	一塌糊涂
2086586626	277031831	264.2	1274	1588743018	大黑的第一张图
1911940988	170191307	162.3	1273	1573629480	憨憨少年憨憨图
2201407152	122407215	116.7	1272	1597760723	若冷的第三张图
2182138692	260460525	248.4	1271	1596098092	暴躁小飘飘的第一张萌新图
2439070874	190118052	181.3	1264	1616961404	空QwQ的第二张图（适合推荐给朋友）
2185335767	149407869	142.5	1263	1596374842	不简单的萌新图4
3535806783	185311138	176.7	1263	1753618064	YYQ乐章闯关图
2118951010	126626745	120.8	1262	1591286918	万有引力
1898057489	306224536	292.0	1260	1571994573	三色图（3-dicemap）
1857478663	197938307	188.8	1259	1567940494	千屹
1925472351	130990175	124.9	1259	1575188288	累死你
2068712769	166681017	159.0	1259	1587429456	科幻天空之城-重制版
2157403893	237521150	226.5	1259	1594123197	桔子の第一张萌新图
2630130471	178919119	170.6	1259	1634448948	云(解谜)
2407347051	108976497	103.9	1258	1614260807	雨沐的第三张萌新图（微自闭）
1982972885	305386657	291.2	1257	1580320659	萌新的天地之憨批之旅
2126686764	139198336	132.7	1257	1591855122	江小白的第一张图
2249779894	229452546	218.8	1257	1601985531	最后的时光
2967408080	117246235	111.8	1255	1682505341	合作关卡
3191202067	170029075	162.2	1255	1710838492	兄弟，你好香
1853192148	120760338	115.2	1254	1567527898	大腿不自闭系列1
2408182439	181257479	172.9	1252	1614336713	殚精竭虑（多人合作）
2595887600	289030072	275.6	1252	1631024059	遇见
1804118368	234414653	223.6	1248	1563135246	今天你自闭了么
2838789955	140482780	134.0	1248	1658503900	sprite happy birthday
2521818868	172180820	164.2	1247	1624166200	答应阿彦的萌新图
2632473258	163486740	155.9	1245	1634703680	Eleven：遇见
2658465164	182758222	174.3	1245	1637315913	夜(解迷)
2209095810	248202056	236.7	1242	1598375207	奇遇记
1996533094	149067601	142.2	1240	1581615579	郑真顺的村子
2125800392	133671518	127.5	1237	1591783826	夕叶的第一张图（萌新）
2173464222	154051308	146.9	1236	1595349545	憨批狗第二张萌新图
2317495206	237364113	226.4	1236	1607761528	蓝★
2796890501	196024877	186.9	1236	1650394231	罗小辫儿的现学现卖2.0
2297980522	175950255	167.8	1234	1606312112	宝贝的巨人国
1894200696	150825956	143.8	1232	1571564459	四色图(4-colormap)
2103822194	125164843	119.4	1230	1590049229	小顾的筋斗云1.0
2126761699	196338609	187.2	1230	1591864911	咸鱼小分队——大黄生日贺图
2366750363	283674642	270.5	1228	1611027963	馒头的萌新图加强plus
2468420921	246338017	234.9	1228	1619409531	萌新闯关图2 虎牙搜Zz君-18585995
2127877405	136653532	130.3	1226	1591961207	苏南里萌新进阶
2208731043	150244123	143.3	1226	1598346985	若冷的第五张图
2112242228	239041501	228.0	1225	1590728933	时代姐妹花6
1897359740	259444030	247.4	1221	1571914446	花开成海‎系列2 勿忘初心
1962381562	200542632	191.3	1220	1578391839	致徒
3599419515	131866088	125.8	1220	1762230689	Casino
2070627845	197554707	188.4	1218	1587584618	树树的萌新图1
2341672765	149624298	142.7	1217	1609321235	今天一败涂地了吗？
3422340493	159549291	152.2	1212	1738871778	UNAC Fall Flat
1870350845	146950917	140.1	1211	1569181174	花哩糊哨回忆录--小萌新养成记
1939641205	169607331	161.8	1211	1576671381	冲突
2803563015	226825766	216.3	1210	1651652838	墨墨的第三张图
2786925394	259785316	247.8	1205	1648657564	小风的第三张萌新图
2904715228	244767301	233.4	1204	1671631911	随便玩玩(滑冰）
3575850864	218314183	208.2	1199	1758993490	云漫蓝海时
1947055012	177105710	168.9	1198	1577310890	Timor-very quiet range
2390411391	239171042	228.1	1197	1612951907	阿宁笑笑的萌新图
3414136439	170299334	162.4	1195	1737804630	蛇年春节快乐
2156332715	170425290	162.5	1192	1594046360	安安的萌新图
2826897992	195239501	186.2	1190	1656347350	花七滴生日闯关图
2004293686	190344757	181.5	1189	1582379743	里逸的憨批大冒险
2573758178	133134809	127.0	1185	1628857518	默麟的新作
2576941515	135289413	129.0	1182	1629148553	酒更别闹
2547713538	123988894	118.2	1180	1626354900	小挚爱的第二张图
3042959157	120068610	114.5	1178	1695978692	批队伍两周年 作者:梦雅
1786468007	110714467	105.6	1174	1561893986	T涯系列之回忆
2114241928	120312202	114.7	1173	1590884938	小绿萌新图4
2100817103	163882760	156.3	1172	1589800482	小鹅的奇妙世界2
2596577082	165145502	157.5	1172	1631105680	萌新冲冲冲
2106257103	226530181	216.0	1171	1590240721	七七宝贝的第二张图
2379805488	176380683	168.2	1169	1612090669	叨叨的喷子队友专属地图
1951090006	155043817	147.9	1167	1577596801	An ex-boyfriend's way home
2782503510	265053185	252.8	1165	1647863858	疯狂丶跑酷
2348201045	132152254	126.0	1164	1609691238	惜缘
2187049318	204752058	195.3	1161	1596525351	淮念
2799769813	215594121	205.6	1157	1650920383	墨墨的第二张图
2826244393	156216361	149.0	1157	1656242883	有手萌新图
3436361107	108808154	103.8	1155	1740840654	皇甫极的笑ruarua的哭
2105261415	123635463	117.9	1154	1590165518	七七的第一张图 滑冰
2000233438	146977475	140.2	1152	1581950767	奥利给干就完了【1】
2849728728	167849840	160.1	1145	1660628249	告别黄昏
2036580467	136360315	130.0	1144	1585264684	污的第③个关卡
2091873873	240703193	229.6	1140	1589123495	柒の燃
1841398102	134745435	128.5	1133	1566405515	及时行乐4
2120209096	234212223	223.4	1131	1591374619	Treasure
2135114057	290790649	277.3	1131	1592580510	小涵妹史诗级神坑图16
2162865308	220169795	210.0	1128	1594498583	柠檬和旺旺的第一张图
3394047064	170021251	162.1	1128	1735394342	2025年新年快乐
1895775855	260263633	248.2	1127	1571718782	卿欲过不去系列1
2074989798	165978051	158.3	1127	1587915302	小汤圆的合作关卡
2075889957	128877563	122.9	1127	1587986555	柔柔的自不量力
2165588614	155535879	148.3	1127	1594708985	樱樱的小萌新图5
2133187851	113922077	108.6	1126	1592403503	过河拆桥（Collapse）!
2206957481	184209806	175.7	1126	1598199264	CIE for yx
2572155006	117614043	112.2	1125	1628692739	Sea
2507755536	140695581	134.2	1122	1622864211	水给梅子的生日图
2128933226	143538418	136.9	1120	1592045506	小书包的萌新图1
2151926736	209448683	199.7	1120	1593768821	炸弹人（四人竞技）
2090056597	127925925	122.0	1119	1589008418	果粒橙的第一张图
2020355650	142418662	135.8	1118	1584031667	高难i wanna系列之初音
2146012179	128351641	122.4	1118	1593370575	小小泰妍萌新进阶
2171265766	157681677	150.4	1118	1595164317	不简单的萌新图2
1898173307	113719352	108.5	1117	1572009166	小沫很萌新1
2023943229	157174780	149.9	1116	1584324666	惊2
1781772498	219957153	209.8	1114	1561565104	绝望无艮4
2529620084	163726262	156.1	1113	1624809735	辣条生日快乐
2485614698	178136969	169.9	1112	1620886649	萌新都能过的图
2150549553	147866243	141.0	1106	1593673636	白衣送给瑞拉的专属萌新图
2449340997	151295980	144.3	1106	1617793466	默麟吖：水给云朵的图
2786690517	155251991	148.1	1100	1648606144	猪猪闯关
2080109993	197944926	188.8	1097	1588318715	大冒险
1826238083	108611194	103.6	1096	1565036400	二十二桥枫别雨
1908437067	132697766	126.6	1087	1573209438	八殺
2108462347	121766955	116.1	1087	1590401984	多人合作(困难)-小佳
2134025842	167636433	159.9	1086	1592482450	小涵妹的专属萌新图15
2920101517	267408989	255.0	1084	1674078862	给suki的生日图
2017290939	259368170	247.4	1081	1583687210	是惠6
2098561969	135905196	129.6	1080	1589641872	疾风冲刺
2031149970	150331654	143.4	1079	1584882005	兔子通关系列二
2050538211	291611499	278.1	1078	1586177211	NOON 2.3
2812548276	214115029	204.2	1077	1653494810	祝猫柒生日快乐丫
2508006509	194915192	185.9	1074	1622887900	一个人的飞车图
2190911808	221877755	211.6	1073	1596873441	憨憨快乐家族萌新进阶图1
2157577518	133244951	127.1	1072	1594134073	天空之城（萌新图）
1768660692	119363702	113.8	1070	1560410234	T涯系列
2116763354	200785553	191.5	1069	1591110433	I Adore You（千玺的盛世美颜）
2148440127	225666229	215.2	1066	1593533911	致命简单2
2019220124	234893370	224.0	1065	1583897537	捉迷藏试用品
2856819979	145719095	139.0	1060	1661962395	一起喝雪碧，咕噜！嗝~~
2759154094	143179349	136.5	1058	1645336241	车板灯笼
2354798916	196877739	187.8	1057	1610189975	日常家族萌新图
2161073211	281751253	268.7	1053	1594382990	憨憨快乐家族第二张萌新图
3021980593	147247043	140.4	1050	1692356753	批队伍之新疆 作者：梦雅
2551423300	212771776	202.9	1048	1626688215	小挚爱的第三张图
2023124183	217233803	207.2	1047	1584271477	污的第②关卡
2150819437	149930433	143.0	1045	1593695284	神乐萌新图-2(已更新)
3499294491	148180556	141.3	1042	1749926858	趣味合作图cooperate
2765808353	164620047	157.0	1040	1645877397	冬冬杰尼龟的坑来坑坑去3
2019417667	160432730	153.0	1039	1583927440	夜色
2173076321	194583742	185.6	1037	1595315470	探险图:黄昏
2216461483	211125601	201.3	1037	1598973335	iceialの第三张图
2438365446	117150753	111.7	1037	1616915962	鹿鹿的第一张图
2809879406	107754785	102.8	1036	1652931314	豪宅萌新进阶一
2093103642	218419315	208.3	1033	1589215918	杨某人的第二张图之闯关冲冲冲
2020398506	134313097	128.1	1032	1584035644	熊猫猫的五颜六色
2123423514	287663716	274.3	1031	1591575374	最可爱的九月
3331322286	169724293	161.9	1025	1726372283	中秋节特别礼物
2070707292	116000798	110.6	1024	1587589574	有手就行（YouShouJiuXing）
2017022952	236991277	226.0	1020	1583669568	兔仔回忆录
2902786741	184741193	176.2	1016	1671256401	叶凡的少女心
2088021267	106356170	101.4	1014	1588854321	恒惜的首张萌新图
2606798121	105862837	101.0	1013	1632110825	이상한 나라의 키뚜랜드
2099632724	269422994	256.9	1012	1589713580	小涵妹都能过的神坑图5
2062994338	231675964	220.9	1011	1587039577	妖妖的仅此而已
2606015583	226317978	215.8	1011	1632046609	星辞的第一张萌新图
2671047173	148629321	141.7	1011	1638464658	UT Tower
2080848917	287386349	274.1	1009	1588361704	Melody团队张张的第二个图
2210950121	310117337	295.8	1009	1598542489	异常简单图2
2236375383	127127827	121.2	1008	1600820106	一枚菜鸡的划水图
2376354909	218374670	208.3	1008	1611832060	刚开始丶不做人
2846702048	106030074	101.1	1008	1660028002	彧子家族萌新图3
2127944124	234994857	224.1	1003	1591966801	萌新橘生超帅吖！
2209979407	144315890	137.6	1002	1598608382	蓝瘦de(GRIS)(难)
1930760341	208362556	198.7	1001	1575724401	一条gai上的熊猫
2543658869	164305918	156.7	999	1625967773	mafia crew hide and seek (마피아 크루 숨바꼭질)
1829339988	154976746	147.8	997	1565334869	瞅瞅系列二
2171657385	282131716	269.1	991	1595189255	哒哒鸭的第一张图（坑向 萌新）
2087792847	310709578	296.3	989	1588833261	迟到
2946824392	138778239	132.3	988	1678790607	樱花雪月
1750001461	139043869	132.6	987	1558669254	Free Solo - Desolate
2412794060	219335559	209.2	985	1614706900	I花香
2109386203	182868546	174.4	983	1590478011	兔子通关系列五
2895468759	164008053	156.4	983	1669802656	悠哉哉
2433359892	240190957	229.1	982	1616506339	默麟的极其简单2
2045761204	113986684	108.7	980	1585892312	滑不刺溜绿色通道
2145506910	277632515	264.8	980	1593345097	酸菜的大家庭
3146899314	132432309	126.3	979	1706182992	满山猴子批队伍腚最红
2494189595	128660105	122.7	976	1621668165	默麟水给南辞得图
1918170135	115217136	109.9	974	1574429156	明天会更好
3289248894	245607731	234.2	973	1720972805	媱不可及
1887836512	237719588	226.7	970	1570917282	作者过不去系列8
2584659642	237455400	226.5	970	1629905346	凌的第一张图~
2046225855	145531350	138.8	967	1585924998	小白的第二图
2095023586	204940957	195.4	965	1589374566	时代姐妹花4
1952540732	231111388	220.4	964	1577704617	狼崽子
2150840652	213432138	203.5	964	1593696490	允志的专属萌新图
2798026241	148302994	141.4	963	1650631978	世界地球日
2174493661	147412545	140.6	962	1595443273	瓶儿的风景闯关（2）萌新进阶（上）
1842899098	291743819	278.2	960	1566557999	白嫖2（云深不知处）
2001006892	124311285	118.6	960	1582032499	淡定的萌新图1
2793148479	195070631	186.0	960	1649736630	吃人陈的第一张地图
3396250003	107768922	102.8	960	1735583291	steampunk
2189841332	228235251	217.7	959	1596781144	苏南里Cool
2009910452	167715956	159.9	958	1582956661	虚空(Void)
1835793987	114296857	109.0	957	1565899743	非常不当人的图
2130952002	190248006	181.4	954	1592191537	伊人莫相忘
2175307019	106546155	101.6	954	1595515543	iceialの第二张图 （萌新图）
2230219479	118309095	112.8	951	1600232087	幽幽的第一张图
2984390110	140247854	133.8	949	1685808660	黄昏の生日快乐
1910058360	204981878	195.5	947	1573384379	清酒回忆录
2377549150	190060285	181.3	946	1611933514	屿涵的第一张图
2924285997	221179927	210.9	946	1674829295	咬耳朵
2109242885	193019068	184.1	944	1590460676	四季
2042545550	107347410	102.4	943	1585677514	定律
2110256187	211952303	202.1	941	1590547790	李云龙的萌新图.
2077263996	162459572	154.9	938	1588094280	小涵妹的专属萌新图2
1778159021	214582498	204.6	937	1561241498	云雾
2627461311	105717028	100.8	937	1634183174	Eleven:WANAN
2127815142	129640552	123.6	933	1591955498	小九的第二张萌新图
1992603986	110513607	105.4	932	1581216797	憨一系列之别来无恙
2067209796	156524995	149.3	929	1587320065	污的第④个关卡
3604818246	121902976	116.3	929	1763019388	Color and Cannon
2267440551	241287747	230.1	928	1603632307	听闻的图
2045980053	185852216	177.2	927	1585915481	冰冰的第一张图
1885428741	218990371	208.8	926	1570699474	作者过不去系列6
1884911867	271091399	258.5	925	1570638176	莎莎专属萌新图
3006243154	157006373	149.7	924	1689682628	Rik1GO)
2079143959	133328226	127.2	923	1588249259	不走寻常路（一）
3142591587	169527685	161.7	921	1705649389	Happy New Year新年快乐
2092794008	119343931	113.8	919	1589194847	浅汐的闯关图
2565725932	124878840	119.1	919	1628077273	零一训练图
2155982293	130706514	124.7	914	1594019629	小怪兽的萌新之旅1
2061198576	141460018	134.9	913	1586894876	南宫玺的图
2142842298	187998738	179.3	913	1593186618	与我无瓜【果宝专属】
2146740928	224732733	214.3	913	1593421339	七七想坑人
2516675320	263721485	251.5	913	1623671074	辣条的蓝胖子
2056780768	108801641	103.8	912	1586608557	红尘的第一张图
2113527755	164031930	156.4	910	1590838209	第八个关卡了？
2518291808	305962561	291.8	908	1655380919	耳朵的图时隔一年
2195019696	184152958	175.6	907	1597247732	异常简单图
2579736055	308107609	293.8	906	1629433771	太阳的秃头之旅最终站
2136843734	208372344	198.7	905	1592725017	萌新易难图
2175026892	212530939	202.7	902	1595488972	苏宸的第二张图<萌新进阶>
2157666202	118257124	112.8	901	1594139977	iceialの第一张图
2806769457	172955320	164.9	901	1652280636	猪猪找茬5
2467379359	222834400	212.5	900	1619325731	老萝莉快乐图
2553167668	107564825	102.6	898	1626860062	萌新干饭人冲冲冲！
2498275000	137578740	131.2	895	1622022772	给残羽的较萌新图
3530322232	185393536	176.8	893	1753019391	小叮当猜歌名上
2107501629	141355706	134.8	892	1590327351	星 夜 图
2202050521	113968958	108.7	889	1597809629	就这！
2849724737	135540645	129.3	887	1660627264	无心的冰雪节限定（萌新闯关）
2923355681	204611481	195.1	884	1674656182	Stray Kids
1870016144	124243237	118.5	882	1569161498	开心就好
2121242315	206207465	196.7	882	1591442913	小涵妹的专属萌新图10
2394070498	209975803	200.2	882	1613232799	梧桐的敷衍了事2
2341092409	197332892	188.2	881	1609280688	无关爱情{网抑云}
2112707166	109919141	104.8	879	1590770969	graduate sucks
2817311923	213485274	203.6	878	1654445908	猪猪找茬6
2443507300	175427621	167.3	877	1617346989	水给阿彦的水图
2015163818	115285884	109.9	875	1583508123	暗黑自闭图
2803925541	204827729	195.3	871	1651725857	帅比的第一张地图
3289612000	117875507	112.4	868	1721012931	space island 宇宙の島
2291087725	188669021	179.9	863	1605711258	紫依-Love
2180050844	186156417	177.5	858	1595901662	浅浅的十八岁成年生日图！
3299737328	170368980	162.5	858	1722346624	人类一败涂地飞天入地
2455876096	105631995	100.7	856	1618312513	朱一包的纯白地狱1.0
1912532876	229347731	218.7	854	1573717157	永不自闭逗比年
1915735923	115440127	110.1	854	1574091781	今日份吃呱
1992929469	116246517	110.9	854	1581248238	wow
2186912988	120310616	114.7	854	1596508014	竞技一（给老子爬）
1848362675	116472631	111.1	853	1567076701	拯救傻碧之路
2930287804	141145584	134.6	853	1675866404	故事还长
2233355047	214671343	204.7	851	1600534702	花花世界
2843271214	191334460	182.5	850	1659349676	善变的海
2820465244	147217930	140.4	847	1655095524	萌新军训图
2187969197	141699408	135.1	844	1596607527	CARAMELの第一张图
2286994415	281858457	268.8	841	1605370426	2020
1869687004	198941858	189.7	840	1569134815	这题目也太难想了吧
2407058807	223018431	212.7	839	1614228604	刚开始丶遨游河南
2796923005	288817857	275.4	838	1650398719	墨月的第一张图
1876759718	133499904	127.3	829	1569834500	仰望星空
2101285317	211618955	201.8	828	1589832053	Smile家族萌新考核图
1872159961	108607131	103.6	827	1569394164	泡泡系列4
2115714275	115628278	110.3	827	1591013158	“六一儿童节，♡快乐♡”
1917466395	183207978	174.7	823	1574341024	苦甜
2018630986	135429207	129.2	817	1583833508	嘤嘤嘤1.0
1814055469	115213768	109.9	814	1563989146	GuaYe4
2113606393	150464162	143.5	814	1590843865	短腿的萌新图二
2598662904	166362847	158.7	814	1631325546	太阳老萌新了～（过关）【已修复】
1872969772	113615834	108.4	807	1569494349	作者过不去系列3
1846582056	174918695	166.8	806	1566883030	萌新跑酷系列2(追逐战)
2060882258	151747086	144.7	797	1586877767	棋盘迷宫
2097024589	138416915	132.0	797	1589535849	铁锤的一小时
2057929540	131120588	125.0	795	1586678371	柒系列（四）
2822620206	287186903	273.9	795	1655558478	YYQ乐章的仙剑萌新图
2400833502	279838860	266.9	794	1613738627	小玉的第二张图。
2794255846	114254104	109.0	794	1649953963	冬冬的坑来坑去5
2114852374	255555321	243.7	793	1590938671	你够持久吗2--滑冰（降低难度）
2406025762	243021070	231.8	786	1614136276	送给丸子的第一张图
1819693777	151078804	144.1	782	1564472210	开心自闭每益天
1865539664	114557024	109.3	778	1568718186	救救少女（纯萌新）
2027169524	152092583	145.0	777	1584613538	给你一颗小红心
2851640104	173215899	165.2	776	1661013423	小萌萌生日快乐
2200333075	112456066	107.2	775	1597664884	四季-夏赤
2186249027	118728576	113.2	774	1596454838	CARAMEL测试图
2211679539	192711601	183.8	771	1598592512	不说再见
3001459833	208500922	198.8	771	1688888389	龟船长冲刺
1887016954	182237679	173.8	768	1570860235	救救少女2（假萌新）
1823953779	182485596	174.0	767	1564849464	木子
2191226045	203070806	193.7	767	1596899061	秋意微凉略带甜
2112631273	128712798	122.8	766	1590765770	小可爱的可可爱爱
2248405882	169562561	161.7	766	1601843116	trail
2604755803	234915702	224.0	766	1631937936	预祝各位中秋快乐
1905236836	194641738	185.6	765	1572752270	测图猪
2838173454	160692137	153.2	764	1658381522	浮光浅夏
1841318045	127159188	121.3	763	1566399521	浅酌清酒
2095940583	181776641	173.4	763	1589449047	葫芦娃的第一张图
3607287146	201735882	192.4	761	1763341864	zoye的野餐派对
2247952325	146162893	139.4	759	1601815577	星 尘
2862852996	108986939	103.9	758	1663160483	懒得跳(五)
2150501164	309603776	295.3	757	1593668655	怦然心动
3146898925	122117151	116.5	757	1706182925	批队伍之霹雳无敌风火轮
2095654716	106321076	101.4	753	1589417521	谨慎订阅-红与黑
2398716224	117274630	111.8	752	1613565894	嗯！
2070228549	188676053	179.9	749	1587559324	忆
2092007725	141180638	134.6	749	1589130428	我梦的萌新进阶图
2893460709	301227347	287.3	747	1669443983	池池生日图-凉凉
2159656464	112050425	106.9	746	1594279924	Hubris的第一张图（萌新向）
2400831696	113775148	108.5	744	1613738495	완전 난장판
1888829579	220776375	210.5	743	1570995511	作者过不去系列9
2118453321	148713046	141.8	743	1591246662	Kiki的萌新自闭图
2091874003	105567141	100.7	741	1589123455	燃の柒
2051566085	116264890	110.9	739	1586246738	超可爱的兔子（微自闭）
2135058380	247473369	236.0	737	1592576338	小书包的萌新图2
2894644440	244811863	233.5	733	1669636854	随心所欲
2525131559	131649099	125.6	732	1624463182	不好过的图
2013612639	121698955	116.1	729	1583325990	非自闭图
3027161025	123148601	117.4	729	1693233613	厄咒：昙花
2050263514	240949735	229.8	728	1586154112	HAPPY BIRTHDAY TO MY LOVE
2662915858	125043337	119.3	728	1637761282	默麟的新作
2171165946	245625923	234.2	727	1595156739	酥饼的第一张图
2789890967	174714281	166.6	727	1649175241	猪猪找茬3
2033562701	171804171	163.8	726	1585046417	军训
2116398309	115990247	110.6	726	1591070974	Kiki的京吹观赏图
2236768657	185322196	176.7	726	1600870988	六娃的第一张图
2828546656	156117016	148.9	725	1656636541	彧子家族萌新爬墙图
2512679764	125585352	119.8	722	1623314963	Up and down
2231959813	136400245	130.1	719	1600418057	熟能生巧3
2786767377	187931499	179.2	719	1648622682	浮生的萌新图
2676681393	202976127	193.6	715	1638971777	柚子：生日快乐
2139426307	124310291	118.6	713	1592923381	送给你！
3372704823	276809926	264.0	713	1732698682	Long River
2086086945	122599116	116.9	712	1588705594	有脚就行【YouJiaoJiuXing】
2192422419	186657843	178.0	712	1596992860	Nice家族考核图
2605993458	111493066	106.3	709	1632044480	云
2168845952	110244982	105.1	707	1594980281	此图叫无人问津 “二”
2104732367	171778429	163.8	705	1590120089	日常之开战了
1808836510	193693344	184.7	703	1563549521	GuaYe3
2440611592	216042235	206.0	701	1617101149	阿宁的天空岛
2132799493	116147219	110.8	698	1592360569	狗富贵儿勿相忘=
2007022767	138156364	131.8	697	1582635533	re:for MX
2812585400	292302528	278.8	697	1653500750	怼怼萌新图
2186184174	178119107	169.9	695	1596448136	如梦的第三张图
3554879121	135612928	129.3	691	1756004144	我是萌新1
2436292941	163413014	155.8	689	1616773279	雪碧upupup
2709711567	136966519	130.6	689	1641456425	末路的第三张图
2776105189	123682472	118.0	686	1646838723	冬冬的坑来坑去4
3038572522	148629282	141.7	684	1695231382	无脑不游戏
2984129289	141292781	134.7	682	1685750355	DOGUDAN
3049226728	109029266	104.0	676	1697041919	晚晚睡不醒
2810000975	199290861	190.1	675	1652967824	小逸第一张萌新图
2083107990	149359694	142.4	672	1588505071	Melody团队张张的第一张图
2180930392	209403684	199.7	672	1595980861	小八进阶混战图
2228498805	240797140	229.6	671	1600050290	及时及乐（NO容易版）
2805839183	153938510	146.8	671	1652071334	茵茵的军训练习
2868353736	144495358	137.8	671	1664284523	ORANGE
3042987777	175649570	167.5	662	1695984813	旺仔团的中秋
2028750774	157049244	149.8	657	1584728921	山海
2072224768	285492766	272.3	657	1587721680	小淳别自闭
2134014599	257297443	245.4	655	1592486275	不上不下
2168803135	128578247	122.6	651	1594975796	毒液的第一张图
2787271171	173342322	165.3	651	1648729521	猪猪找茬
2105980910	156539545	149.3	649	1590219755	提子的第一张图
2791161947	150078209	143.1	648	1649432250	猪猪找茬4
2856134153	255944279	244.1	646	1661823684	DreamLM的萌新图3
2006330161	114153999	108.9	643	1582555826	气急败坏
2114481304	290551295	277.1	640	1590909057	小涵妹的六一专属（9）
2128527874	171916140	164.0	639	1592006487	给只带、萌新的一周年图
2789403277	138670074	132.2	638	1649082656	猪猪找茬2
2180481273	138343641	131.9	635	1595946750	ウサハナ遊園地 USAHANA Play Area
2075918640	126366948	120.5	634	1587988980	CraneLobby
1886441747	235969550	225.0	632	1570809765	作者过不去系列7
2793723962	154562858	147.4	630	1649855460	厄咒：泯灭
2118605257	183942858	175.4	629	1591263272	十月坑像地图？
1809796594	148449238	141.6	628	1563629106	白给
1874390741	155912454	148.7	628	1569632031	作者过不去系列4
3141393594	244149143	232.8	628	1705493851	119
2079185512	114867905	109.5	627	1588252267	故里和她的小可爱们（1）
3262948978	169644598	161.8	627	1717771501	高考加油！逢考必过！
2184283655	237163548	226.2	626	1596290264	nice家族生日图
2328805498	162570244	155.0	625	1608562627	ITE考核图[新]
2698435075	224356586	214.0	625	1640723087	木头20.5-木头的魔方块找茬游戏
1884224094	207220142	197.6	624	1570556546	作者过不去系列5
2763611832	182976632	174.5	624	1645728173	모텔 motel
2985263854	186052622	177.4	622	1685963366	DOGUDAN 2
2817303319	187460111	178.8	621	1654444818	厄咒：马戏
2292804141	158818006	151.5	617	1605873818	林的心态图
2575054686	141139194	134.6	617	1628972379	曲曲的第一张图
2116530755	146975165	140.2	616	1591088734	猫 的 第一张 师门地图
2094686378	178867114	170.6	613	1589339266	Single Dog
3312980172	199136333	189.9	612	1724162494	廖家曦历险记
2067120140	157242700	150.0	609	1587315886	就这？
2116647418	283493852	270.4	609	1591100887	小圃想当鬼啊
1806447389	161820785	154.3	605	1563330339	西瓜很自闭
2494603527	177111106	168.9	604	1621697239	好滑鸭
2174021227	225633931	215.2	602	1595397518	萌新进阶半梦半醒出品
2141274182	198408349	189.2	601	1593077766	痴剑的生日过关图
2053340682	162456741	154.9	599	1586371915	蓝瘦迷迷糊糊
2116649612	285998182	272.7	594	1591101220	萌新家族第一届小组竞速比赛视频
2838189480	172754604	164.8	594	1658385996	雪碧生日快乐
2062332735	225011307	214.6	592	1587012195	小幽的炸裂图（鸽了好久）
1802405987	120754546	115.2	591	1563022581	冷青全靠躺 （暂停更新）
1883565941	239195659	228.1	591	1570477940	不离家族之莎莎专属图
1833050125	255944213	244.1	587	1565646351	西瓜超自闭
1876799631	123445214	117.7	584	1569840521	哦豁难搞（自闭板子图慎入）
2841108395	130354409	124.3	582	1658928783	什么闯关
2179364927	275927505	263.1	579	1595849229	蜜小桃的生日游乐场
2571279870	136055796	129.8	578	1628604923	萌新默麟（无坑）
2776528572	266319318	254.0	578	1646915881	心动信号
2105017566	209634262	199.9	577	1590149620	时依
2033894322	304284929	290.2	576	1585068345	请玩新图，此图已作废
2098064637	121251788	115.6	572	1589606319	稀饭的第七张萌新图（开学季）
2383924330	231249677	220.5	571	1612587045	送给jy的礼物
2104007750	144792578	138.1	570	1590065580	图你一生
2168680424	291505827	278.0	570	1594961370	憨憨快乐家族第三张萌新图
2693063083	106104047	101.2	568	1640412312	望遮云
2083487269	121573079	115.9	565	1588524282	special mansion
2034154436	289301994	275.9	562	1585082199	简单岛
3158349525	169914973	162.0	558	1707631651	大年初一快乐
3424153617	125473591	119.7	557	1739107394	그뉵 박물관
2078379102	124097453	118.3	556	1588182884	漫步3（板子）
2131890342	121529355	115.9	553	1592275853	酸奶和七晏
2096568467	157136196	149.9	552	1589492206	山海
3267159928	159789162	152.4	552	1718305369	Abc
1884494491	218618617	208.5	548	1570582788	玩个菠萝
2050107731	128684276	122.7	548	1586139534	游玩
2162083625	117992848	112.5	547	1594449622	达菲熊的梦境。
2621747446	140705149	134.2	547	1633605677	走过，风忘
2230132878	133599923	127.4	546	1600220922	无常的第一张图
2073315816	106130962	101.2	543	1587801446	奇奇怪怪萌新图
2697136446	292814444	279.2	543	1640640276	漠
2044559501	115113681	109.8	542	1585815474	哆啦不做人=3=
2884160002	207307879	197.7	541	1667556701	龙少勇往直前
2622829999	155471691	148.3	537	1633718010	四季有你
2851453623	112379996	107.2	534	1660979355	厄咒：缘灭
2117869630	264024680	251.8	532	1591205027	梦境之旅
2823657669	148240779	141.4	532	1655746418	晚风
2163528630	146989805	140.2	530	1594549941	不简单的萌新图
2205484227	244351003	233.0	529	1598099388	无羡的专属图
2327357785	204119247	194.7	529	1608458352	静
2829221345	203667110	194.2	529	1656760119	简简单单
1784221031	127636148	121.7	522	1561748717	一琳系列（中高端局）
2797163391	129854711	123.8	522	1650454044	霓虹&夜
2461941794	148156944	141.3	516	1618821855	悦慕
2031313678	134071680	127.9	513	1584889969	莫离的噼里啪啦
1782803401	112809832	107.6	512	1561646995	黑土不自闭
2815202118	216382082	206.4	512	1654013380	彩虹鬼跳2
2185144329	143614587	137.0	511	1596358636	大佬协会合影元旦版
2098368197	202981145	193.6	507	1589632578	小王和他的叔叔阿姨们
2413323291	132378146	126.2	507	1614757813	晴 天
2352267183	116876025	111.5	506	1609954271	哦！
2113166121	109878536	104.8	500	1590804590	小汐的第二张图
3034237636	160855278	153.4	496	1694438424	梦
3018115190	112832289	107.6	495	1691692162	凉粉系列2
2012428492	108209381	103.2	492	1583178460	柒系列（三）
2153350377	216024708	206.0	490	1593858814	速度~奔跑
2152011250	199977219	190.7	486	1593775114	天邪的第三张优质地图
2776015841	194705043	185.7	486	1646824260	新生
2177464623	142161146	135.6	485	1595696196	曦曦的第三张图
2462153705	121229037	115.6	484	1618845729	云 雾 迷 蒙
2627689899	240225099	229.1	483	1634215621	归
2823943331	127351820	121.5	482	1655807661	伪善者
2163791953	299061877	285.2	480	1594566958	偷鸡家族
2451401399	171465482	163.5	478	1617973248	蓝调
2612786956	176534455	168.4	478	1632735403	RogerFilms In MagicLand
2257453519	271814967	259.2	475	1602680893	雨时很快乐
2140505895	217844631	207.8	474	1593013224	曦曦的第一张图
2063102285	117090757	111.7	470	1587046359	境外势力2
2556538387	149286899	142.4	470	1627180962	亡吟小地图
2264009232	183224059	174.7	466	1603300989	ITE公会考核图（乌拉~萌新思密达！！)
1867802910	206428869	196.9	464	1568981687	连酱生日快乐！
2700722384	118071127	112.6	464	1640873444	一边哭一边哭
2384461633	110290667	105.2	460	1612481649	ITE萌新考核图
2486480684	247095099	235.6	460	1620964126	大哥的生日地图
2895782779	117142320	111.7	459	1669862571	好滑呀！！！
2017324938	127241930	121.3	454	1583689366	小包子快来吧
1782823628	113368490	108.1	452	1561648879	LPL.LCK.LCS.LEC(测试ing)
2073906252	140345149	133.8	443	1587838617	杰尼杰尼和他的朋友们1 心态的比拼
2803513645	159335865	152.0	441	1651684240	林中小鹿
2112503179	169045295	161.2	439	1590756231	贱某人的第三张图（萌新慎入）
2127909916	237071811	226.1	438	1591964469	蓝瘦人类之旅1
2380830214	112391002	107.2	438	1612160547	垃圾鱼翅系列3
2020343884	166825301	159.1	434	1584030889	今天你自闭了吗
2175269364	109360951	104.3	432	1595512676	天各一方【TiangeYiFang】
2382166736	283354868	270.2	427	1612280591	简单明了
2791032291	207224338	197.6	425	1649406299	生日快乐呀
2806372972	147474176	140.6	423	1652191473	小皮虫
2102853099	213218740	203.3	419	1589969602	这个月亮不温柔（略坑 萌新勿入）
2176177355	184325717	175.8	418	1595594852	小宗宗的SO EASY
2200367319	209951420	200.2	417	1597667970	如梦的bug图（简介）
2204117871	194843936	185.8	417	1597990635	洛神
2650826624	254064663	242.3	411	1636545842	老子不会玩就是不会玩
2125778614	143494254	136.8	410	1591781549	致我可爱的师傅小卿（小卿难度）
2228116228	126176139	120.3	406	1600018472	无头家族的生日派对
2588994793	147159317	140.3	402	1630311043	雨
2066115759	110196949	105.1	399	1587246660	76的磨磨唧唧
2403039262	180378908	172.0	396	1613893621	陪你到世界末日
2086974197	154834535	147.7	394	1588775544	婷儿专属二
2687010692	247299852	235.8	385	1639918138	Eleven：안녕하세요
2099505590	108126686	103.1	384	1589703425	谨慎订阅-紫色幻想
2203699484	179230364	170.9	382	1597953445	雨赋生日快乐
2143674106	186210065	177.6	381	1593234769	遗迹
3031315767	139779763	133.3	380	1693924276	我的苹果打了烊
1872909703	242859645	231.6	379	1569484175	哦豁玩蛋
1885912438	198505245	189.3	372	1570744189	此图送给翩若惊鸿
2161067083	247235214	235.8	371	1594382344	憨龟的第一张图
2796240466	199731530	190.5	369	1650275586	榴莲生日
2466679540	106352509	101.4	365	1619274883	相遇
2235224268	108743217	103.7	364	1600706455	简爱阁家族考核图
2175037927	185091226	176.5	356	1595489893	你的坟墓（Your grave）
2771622667	175822030	167.7	352	1646312260	壹月贰拾
2079135829	169264399	161.4	342	1588248656	唯一
2131432974	105015935	100.2	342	1592239426	医儿
3441294491	151612929	144.6	338	1741519051	여그뉵 박물관
1923146671	105690884	100.8	335	1574978467	钢铁侠龍龍联合冠名
1969714371	176306596	168.1	333	1579103958	人类劝退之不离家族专属图
2777810699	155635612	148.4	330	1647108099	双鱼座
2130151053	283589836	270.5	325	1592135478	钢琴编曲大师
2282669512	131919167	125.8	324	1604983277	빼빼로데이
2285305164	166183254	158.5	324	1605235914	夜 空
2826236985	171534457	163.6	322	1656241806	兮
3541915948	114941508	109.6	317	1754310716	开门大吉（蔡依林）
3491858350	125673901	119.9	316	1748826862	Philip's House
2131110343	108843491	103.8	305	1592211848	难渡
3042676226	278874454	266.0	305	1695925120	黄昏
2247900492	136106523	129.8	302	1601815221	折羽
2080529540	157630404	150.3	298	1588345920	回归之旋转跳跃（轻微自闭）
2464036683	303728739	289.7	296	1619026079	TG入队考核图
2192170126	108751026	103.7	295	1596975061	自用1
2844193018	112748679	107.5	295	1659540998	四米生日图-凉凉
2050847193	132291421	126.2	292	1586194324	贱贱贱（AJ one）
3456223156	238266887	227.2	288	1743521745	极限
2053998883	187869818	179.2	284	1586424520	相逢一醉是前缘
2188100272	216943455	206.9	264	1596623145	SD专属
2093763351	131624173	125.5	262	1589268706	真相大白
2457619165	144402717	137.7	261	1618471501	昇
2026473281	109203634	104.1	259	1584551997	玖幽工作室 自闭图 测试1
2127184701	149960105	143.0	245	1591897862	日月生日趴
2126175320	194898293	185.9	231	1591812182	树树自闭图
2509315851	266780546	254.4	221	1622985824	予你
2787787621	150255349	143.3	217	1648828838	忘了心动(祝酸团生日快乐)
1886201271	201325532	192.0	216	1570786274	东东定制2
2087021621	141623510	135.1	208	1588777987	别年的胡思乱想
3435626543	169887346	162.0	208	1740745209	女神节节日快乐
3543962804	142658325	136.0	208	1754571641	一曲半句，名自相逢（猜歌图）
3599477982	235353145	224.5	200	1762244534	점프 재밌다
2142523704	158369206	151.0	169	1593168752	巅峰
2091696867	157379853	150.1	153	1589113737	专属520
2802769880	236434589	225.5	143	1651498792	怜惜
2148020586	166248289	158.5	139	1593506346	夏
2138238545	151639130	144.6	130	1592824607	sun and floret
2101965700	114783818	109.5	127	1589896256	小萌弟雪地测试
2398928625	191928767	183.0	111	1613580616	凛冬散尽 星河长明❤
2574610079	133320450	127.1	97	1628937946	我会珍惜的
2091622343	162941033	155.4	85	1589108986	测试
2077957416	166186380	158.5	70	1588153333	空白格的实验图
3498174667	158530268	151.2	31	1749813287	BackRooms_TestVideo
